-- phpMyAdmin SQL Dump
-- version 5.2.1
-- https://www.phpmyadmin.net/
--
-- Host: 127.0.0.1
-- Generation Time: May 06, 2026 at 03:47 PM
-- Server version: 10.4.32-MariaDB
-- PHP Version: 8.2.12

SET SQL_MODE = "NO_AUTO_VALUE_ON_ZERO";
START TRANSACTION;
SET time_zone = "+00:00";


/*!40101 SET @OLD_CHARACTER_SET_CLIENT=@@CHARACTER_SET_CLIENT */;
/*!40101 SET @OLD_CHARACTER_SET_RESULTS=@@CHARACTER_SET_RESULTS */;
/*!40101 SET @OLD_COLLATION_CONNECTION=@@COLLATION_CONNECTION */;
/*!40101 SET NAMES utf8mb4 */;

--
-- Database: `quan_ly_tro`
--

-- --------------------------------------------------------

--
-- Table structure for table `bookings`
--

CREATE TABLE `bookings` (
  `id` int(11) NOT NULL,
  `post_id` int(11) NOT NULL,
  `user_id` varchar(100) DEFAULT NULL,
  `room_number` varchar(50) DEFAULT NULL,
  `full_name` varchar(100) NOT NULL,
  `phone` varchar(20) NOT NULL,
  `id_card` varchar(20) NOT NULL,
  `dob` varchar(20) NOT NULL,
  `id_issue_date` varchar(20) NOT NULL,
  `start_date` varchar(20) DEFAULT NULL,
  `duration` varchar(20) DEFAULT NULL,
  `email` varchar(100) DEFAULT NULL,
  `address` text DEFAULT NULL,
  `status` varchar(20) DEFAULT 'pending',
  `created_at` timestamp NOT NULL DEFAULT current_timestamp(),
  `source` varchar(20) DEFAULT 'post',
  `landlord_id` varchar(100) DEFAULT NULL
) ENGINE=InnoDB DEFAULT CHARSET=utf8mb4 COLLATE=utf8mb4_general_ci;

--
-- Dumping data for table `bookings`
--

INSERT INTO `bookings` (`id`, `post_id`, `user_id`, `room_number`, `full_name`, `phone`, `id_card`, `dob`, `id_issue_date`, `start_date`, `duration`, `email`, `address`, `status`, `created_at`, `source`, `landlord_id`) VALUES
(16, 41, 'u_69cf792f99bf76.27290920', '1', 'thiện', '1234567', '1', '11/04/2026', '11/04/2026', '11/04/2026', '12', 'âdss', '', 'cancelled', '2026-04-11 13:54:12', 'post', NULL),
(17, 41, 'u_69cf792f99bf76.27290920', '1', 'thiện', '1234567', '111111', '11/04/2026', '11/04/2026', '11/04/2026', '12', '', '', 'cancelled', '2026-04-11 14:27:58', 'post', NULL),
(18, 41, 'u_69cf792f99bf76.27290920', '1', 'thiện', '1234567', '111', '11/04/2026', '11/04/2026', '11/04/2026', '12', '', '', 'cancelled', '2026-04-11 15:08:24', 'post', NULL),
(19, 41, 'u_69cf792f99bf76.27290920', '1', 'thiện', '1234567', '11111', '14/04/2026', '14/04/2026', '14/04/2026', '12', '111', '', 'cancelled', '2026-04-14 13:42:27', 'post', NULL),
(20, 41, 'u_69cf792f99bf76.27290920', '1', 'thiện', '1234567', '123', '14/04/2026', '14/04/2026', '14/04/2026', '12', '', '', 'cancelled', '2026-04-14 14:07:19', 'post', NULL),
(21, 41, 'u_69cf792f99bf76.27290920', '1', 'thiện', '1234567', '1111', '14/04/2026', '14/04/2026', '14/04/2026', '12', '', '', 'cancelled', '2026-04-14 14:17:09', 'post', NULL),
(22, 41, 'u_69cf792f99bf76.27290920', '1', 'thiện', '1234567', '111', '14/04/2026', '14/04/2026', '14/04/2026', '11', '', '', 'confirmed', '2026-04-14 14:56:49', 'post', NULL),
(23, 41, 'u_69cf794008d6a8.69225588', '2', 'thiện', '1234567', '12345', '04/05/2026', '06/05/2026', '14/05/2026', '5', 'tvt@gmail.com', '111223', 'cancelled', '2026-05-04 14:06:31', 'post', NULL),
(26, 41, 'u_69cf794008d6a8.69225588', '2', 'thiện', '1234567', '111', '06/05/2026', '06/05/2026', '06/05/2026', '5', '', '', 'cancelled', '2026-05-06 06:52:32', 'post', NULL),
(27, 41, 'u_69cf794008d6a8.69225588', '2', 'thiện', '1234567', '1111', '06/05/2026', '06/05/2026', '06/05/2026', '12', '', '', 'cancelled', '2026-05-06 06:58:50', 'post', NULL),
(29, 41, 'u_69cf794008d6a8.69225588', '2', 'thiện', '1234567', '111', '01/05/2026', '06/05/2026', '06/05/2026', '12', '', '', 'cancelled', '2026-05-06 07:26:51', 'post', NULL),
(30, 41, 'u_69cf794008d6a8.69225588', '2', 'thiện', '1234567', '1234556', '06/05/2026', '06/05/2026', '06/05/2026', '12', '', '', 'cancelled', '2026-05-06 07:35:14', 'post', NULL),
(31, 41, 'u_69cf794008d6a8.69225588', '2', 'thiện', '1234567', '11', '06/05/2026', '06/05/2026', '06/05/2026', '12', '', '', 'cancelled', '2026-05-06 07:47:18', 'post', NULL),
(32, 41, 'u_69cf794008d6a8.69225588', '2', 'thiện', '1234567', '111', '06/05/2026', '06/05/2026', '06/05/2026', '12', '', '', 'cancelled', '2026-05-06 08:02:31', 'post', NULL),
(33, 41, 'u_69cf794008d6a8.69225588', '2', 'thiện', '1234567', '2222', '06/05/2026', '06/05/2026', '06/05/2026', '5', '', '', 'cancelled', '2026-05-06 08:12:56', 'post', NULL),
(34, 41, 'u_69cf794008d6a8.69225588', '2', 'thiện', '1234567', '1234567890', '01/05/2026', '22/05/2026', '26/05/2026', '24', 'tvt1234@gmail.com', 'asdasd', 'confirmed', '2026-05-06 13:30:23', 'post', NULL);

-- --------------------------------------------------------

--
-- Table structure for table `contracts`
--

CREATE TABLE `contracts` (
  `id` int(11) NOT NULL,
  `booking_id` int(11) NOT NULL,
  `post_id` int(11) NOT NULL,
  `landlord_id` varchar(100) NOT NULL,
  `tenant_id` varchar(100) NOT NULL,
  `tenant_name` varchar(255) NOT NULL,
  `tenant_phone` varchar(20) NOT NULL,
  `tenant_id_card` varchar(50) NOT NULL,
  `tenant_address` text DEFAULT NULL,
  `landlord_name` varchar(255) NOT NULL,
  `landlord_phone` varchar(20) NOT NULL,
  `landlord_address` text DEFAULT NULL,
  `room_name` varchar(255) DEFAULT NULL,
  `room_address` text DEFAULT NULL,
  `room_area` float DEFAULT 0,
  `amenities` text DEFAULT NULL,
  `rent_price` double NOT NULL,
  `deposit` double NOT NULL,
  `electric_price` double DEFAULT 0,
  `water_price` double DEFAULT 0,
  `other_fee` double DEFAULT 0,
  `other_fee_note` text DEFAULT NULL,
  `start_date` date NOT NULL,
  `duration_months` int(11) NOT NULL,
  `payment_day` int(11) DEFAULT 5,
  `payment_method` varchar(50) DEFAULT 'cash',
  `late_payment_rule` text DEFAULT NULL,
  `rules` text DEFAULT NULL,
  `termination_notice_days` int(11) DEFAULT 30,
  `deposit_return_condition` text DEFAULT NULL,
  `status` varchar(20) DEFAULT 'active',
  `renew_requested_months` int(11) DEFAULT 0,
  `created_at` timestamp NOT NULL DEFAULT current_timestamp(),
  `cancel_reason` text DEFAULT NULL
) ENGINE=InnoDB DEFAULT CHARSET=utf8mb4 COLLATE=utf8mb4_general_ci;

--
-- Dumping data for table `contracts`
--

INSERT INTO `contracts` (`id`, `booking_id`, `post_id`, `landlord_id`, `tenant_id`, `tenant_name`, `tenant_phone`, `tenant_id_card`, `tenant_address`, `landlord_name`, `landlord_phone`, `landlord_address`, `room_name`, `room_address`, `room_area`, `amenities`, `rent_price`, `deposit`, `electric_price`, `water_price`, `other_fee`, `other_fee_note`, `start_date`, `duration_months`, `payment_day`, `payment_method`, `late_payment_rule`, `rules`, `termination_notice_days`, `deposit_return_condition`, `status`, `renew_requested_months`, `created_at`, `cancel_reason`) VALUES
(13, 22, 41, 'u_19', 'u_69cf792f99bf76.27290920', 'thiện', '1234567', '111', '', 'A', '123456', '', '1', '12 trần đại nghĩa, ngũ hành sơn, đà nẵng', 40, 'Wifi miễn phí', 6000000, 11, 11, 11, 11, '', '2026-03-19', 5, 5, '0', '0', 'Không gây ồn ào sau 22h\nKhông nuôi thú cưng\nKhông sửa chữa khi chưa được phép\nGiữ gìn tài sản chung', 30, '0', 'agreed', 0, '2026-04-14 15:01:52', NULL),
(14, 23, 41, 'u_19', 'u_69cf794008d6a8.69225588', 'thiện', '1234567', '12345', '111223', 'A', '123456', '', '2', '12 trần đại nghĩa, ngũ hành sơn, đà nẵng', 40, 'Wifi miễn phí', 6000000, 50000, 3500, 10000, 0, '', '2026-05-04', 5, 5, 'cash', '0', 'Không gây ồn ào sau 22h\nKhông nuôi thú cưng\nKhông sửa chữa khi chưa được phép\nGiữ gìn tài sản chung', 30, 'Hoàn trả tiền cọc trong 7 ngày sau khi kết thúc hợp đồng nếu không có thiệt hại', 'cancelled', 0, '2026-05-04 14:08:27', NULL),
(16, 26, 41, 'u_19', 'u_69cf794008d6a8.69225588', 'thiện', '1234567', '111', '', 'A', '123456', '', '2', '12 trần đại nghĩa, ngũ hành sơn, đà nẵng', 40, 'Wifi miễn phí', 6000000, 50000, 3500, 10000, 0, '', '2026-05-06', 12, 5, 'cash', '0', 'Không gây ồn ào sau 22h\nKhông nuôi thú cưng\nKhông sửa chữa khi chưa được phép\nGiữ gìn tài sản chung', 30, 'Hoàn trả tiền cọc trong 7 ngày sau khi kết thúc hợp đồng nếu không có thiệt hại', 'cancelled', 0, '2026-05-06 06:53:17', NULL),
(17, 27, 41, 'u_19', 'u_69cf794008d6a8.69225588', 'thiện', '1234567', '1111', '', 'A', '123456', '', '2', '12 trần đại nghĩa, ngũ hành sơn, đà nẵng', 40, 'Wifi miễn phí', 6000000, 50000, 3500, 10000, 20000, '', '0000-00-00', 12, 5, 'cash', '0', 'Không gây ồn ào sau 22h\nKhông nuôi thú cưng\nKhông sửa chữa khi chưa được phép\nGiữ gìn tài sản chung', 30, 'Hoàn trả tiền cọc trong 7 ngày sau khi kết thúc hợp đồng nếu không có thiệt hại', 'cancelled', 0, '2026-05-06 07:00:32', NULL),
(18, 29, 41, 'u_19', 'u_69cf794008d6a8.69225588', 'thiện', '1234567', '111', '', 'A', '123456', '', '2', '12 trần đại nghĩa, ngũ hành sơn, đà nẵng', 40, 'Wifi miễn phí', 6000000, 350000, 3500, 10000, 0, '', '0000-00-00', 12, 5, 'cash', '0', 'Không gây ồn ào sau 22h\nKhông nuôi thú cưng\nKhông sửa chữa khi chưa được phép\nGiữ gìn tài sản chung', 30, 'Hoàn trả tiền cọc trong 7 ngày sau khi kết thúc hợp đồng nếu không có thiệt hại', 'cancelled', 0, '2026-05-06 07:27:26', NULL),
(19, 30, 41, 'u_19', 'u_69cf794008d6a8.69225588', 'thiện', '1234567', '1234556', '', 'A', '123456', '', '2', '12 trần đại nghĩa, ngũ hành sơn, đà nẵng', 40, 'Wifi miễn phí', 6000000, 50000, 3500, 10000, 0, '', '0000-00-00', 12, 5, 'cash', '0', 'Không gây ồn ào sau 22h\nKhông nuôi thú cưng\nKhông sửa chữa khi chưa được phép\nGiữ gìn tài sản chung', 30, 'Hoàn trả tiền cọc trong 7 ngày sau khi kết thúc hợp đồng nếu không có thiệt hại', 'cancelled', 0, '2026-05-06 07:35:52', NULL),
(20, 31, 41, 'u_19', 'u_69cf794008d6a8.69225588', 'thiện', '1234567', '11', '', 'A', '123456', '', '2', '12 trần đại nghĩa, ngũ hành sơn, đà nẵng', 40, 'Wifi miễn phí', 6000000, 3000000, 3500, 10000, 0, '', '0000-00-00', 12, 5, 'cash', '0', 'Không gây ồn ào sau 22h\nKhông nuôi thú cưng\nKhông sửa chữa khi chưa được phép\nGiữ gìn tài sản chung', 30, 'Hoàn trả tiền cọc trong 7 ngày sau khi kết thúc hợp đồng nếu không có thiệt hại', 'cancelled', 0, '2026-05-06 07:47:52', NULL),
(21, 32, 41, 'u_19', 'u_69cf794008d6a8.69225588', 'thiện', '1234567', '111', '', 'A', '123456', '', '2', '12 trần đại nghĩa, ngũ hành sơn, đà nẵng', 40, 'Wifi miễn phí', 6000000, 50000, 3500, 10000, 0, '', '2026-05-06', 12, 5, 'cash', '0', 'Không gây ồn ào sau 22h\nKhông nuôi thú cưng\nKhông sửa chữa khi chưa được phép\nGiữ gìn tài sản chung', 30, 'Hoàn trả tiền cọc trong 7 ngày sau khi kết thúc hợp đồng nếu không có thiệt hại', 'cancelled', 0, '2026-05-06 08:03:01', NULL),
(22, 33, 41, 'u_19', 'u_69cf794008d6a8.69225588', 'thiện', '1234567', '2222', '', 'A', '123456', '', '2', '12 trần đại nghĩa, ngũ hành sơn, đà nẵng', 40, 'Wifi miễn phí', 6000000, 111, 1, 1, 1, '1', '2026-05-06', 5, 5, 'cash', '0', 'Không gây ồn ào sau 22h\nKhông nuôi thú cưng\nKhông sửa chữa khi chưa được phép\nGiữ gìn tài sản chung', 30, 'Hoàn trả tiền cọc trong 7 ngày sau khi kết thúc hợp đồng nếu không có thiệt hại', 'cancelled', 0, '2026-05-06 08:13:58', NULL),
(23, 34, 41, 'u_19', 'u_69cf794008d6a8.69225588', 'thiện', '1234567', '1234567890', 'asdasd', 'A', '123456', 'dfas', '2', '12 trần đại nghĩa, ngũ hành sơn, đà nẵng', 40, 'Wifi miễn phí', 6000000, 50000, 5000, 5000, 0, '', '2026-05-26', 24, 5, 'cash', '0', 'Không gây ồn ào sau 22h\nKhông nuôi thú cưng\nKhông sửa chữa khi chưa được phép\nGiữ gìn tài sản chung', 30, 'Hoàn trả tiền cọc trong 7 ngày sau khi kết thúc hợp đồng nếu không có thiệt hại', 'agreed', 0, '2026-05-06 13:31:27', NULL);

-- --------------------------------------------------------

--
-- Table structure for table `invoices`
--

CREATE TABLE `invoices` (
  `id` int(11) NOT NULL,
  `contract_id` int(11) NOT NULL,
  `landlord_id` varchar(100) NOT NULL,
  `tenant_id` varchar(100) NOT NULL,
  `month` varchar(7) NOT NULL,
  `electric_old` decimal(10,2) DEFAULT 0.00,
  `electric_new` decimal(10,2) DEFAULT 0.00,
  `electric_used` decimal(10,2) DEFAULT 0.00,
  `electric_price` decimal(15,2) DEFAULT 0.00,
  `electric_cost` decimal(15,2) DEFAULT 0.00,
  `water_old` decimal(10,2) DEFAULT 0.00,
  `water_new` decimal(10,2) DEFAULT 0.00,
  `water_used` decimal(10,2) DEFAULT 0.00,
  `water_price` decimal(15,2) DEFAULT 0.00,
  `water_cost` decimal(15,2) DEFAULT 0.00,
  `rent_price` decimal(15,2) DEFAULT 0.00,
  `other_fee` decimal(15,2) DEFAULT 0.00,
  `other_fee_note` text DEFAULT NULL,
  `total` decimal(15,2) DEFAULT 0.00,
  `status` enum('unpaid','paid') DEFAULT 'unpaid',
  `payment_method` varchar(50) DEFAULT NULL,
  `txn_id` varchar(50) DEFAULT NULL,
  `paid_at` datetime DEFAULT NULL,
  `created_at` timestamp NOT NULL DEFAULT current_timestamp()
) ENGINE=InnoDB DEFAULT CHARSET=utf8mb4 COLLATE=utf8mb4_general_ci;

--
-- Dumping data for table `invoices`
--

INSERT INTO `invoices` (`id`, `contract_id`, `landlord_id`, `tenant_id`, `month`, `electric_old`, `electric_new`, `electric_used`, `electric_price`, `electric_cost`, `water_old`, `water_new`, `water_used`, `water_price`, `water_cost`, `rent_price`, `other_fee`, `other_fee_note`, `total`, `status`, `payment_method`, `txn_id`, `paid_at`, `created_at`) VALUES
(5, 13, 'u_19', 'u_69cf792f99bf76.27290920', '2026-05', 30.00, 50.00, 20.00, 3500.00, 70000.00, 15.00, 20.00, 5.00, 10000.00, 50000.00, 6000000.00, 0.00, '0', 6120000.00, 'paid', 'wallet', 'TXN481747', '2026-04-20 16:14:48', '2026-04-20 13:22:21'),
(6, 13, 'u_19', 'u_69cf792f99bf76.27290920', '2026-06', 50.00, 55.00, 5.00, 3000.00, 15000.00, 20.00, 30.00, 10.00, 10000.00, 100000.00, 6000000.00, 0.00, '0', 6115000.00, 'paid', 'wallet', 'TXN826523', '2026-05-04 09:47:11', '2026-05-04 07:46:36'),
(7, 14, 'u_19', 'u_69cf794008d6a8.69225588', '2026-05', 0.00, 15.00, 15.00, 3500.00, 52500.00, 0.00, 10.00, 10.00, 10000.00, 100000.00, 6000000.00, 40000.00, '0', 6192500.00, 'paid', 'cash', 'TXN911283', '2026-05-04 16:12:01', '2026-05-04 14:11:25'),
(8, 17, 'u_19', 'u_69cf794008d6a8.69225588', '2026-05', 0.00, 15.00, 15.00, 3500.00, 52500.00, 0.00, 5.00, 5.00, 10000.00, 50000.00, 6000000.00, 20000.00, '0', 6122500.00, 'paid', 'wallet', 'TXN988891', '2026-05-06 09:03:17', '2026-05-06 07:02:52'),
(9, 23, 'u_19', 'u_69cf794008d6a8.69225588', '2026-05', 0.00, 12.00, 12.00, 5000.00, 60000.00, 2.00, 8.00, 6.00, 5000.00, 30000.00, 6000000.00, 0.00, '0', 6090000.00, 'paid', 'cash', 'TXN409123', '2026-05-06 15:33:37', '2026-05-06 13:32:57');

-- --------------------------------------------------------

--
-- Table structure for table `landlord_notices`
--

CREATE TABLE `landlord_notices` (
  `id` int(11) NOT NULL,
  `landlord_id` varchar(100) NOT NULL,
  `post_id` int(11) NOT NULL,
  `title` varchar(255) NOT NULL,
  `message` text NOT NULL,
  `created_at` datetime DEFAULT current_timestamp()
) ENGINE=InnoDB DEFAULT CHARSET=utf8mb4 COLLATE=utf8mb4_general_ci;

--
-- Dumping data for table `landlord_notices`
--

INSERT INTO `landlord_notices` (`id`, `landlord_id`, `post_id`, `title`, `message`, `created_at`) VALUES
(1, 'u_19', 41, 'Thông báo sửa chữa', '13h-5h', '2026-04-20 21:35:33'),
(2, 'u_19', 41, 'di nhau', 'toi nay ae diu nha', '2026-05-04 21:19:33'),
(3, 'u_19', 41, 'Thông báo mất điện', 'đsgfg', '2026-05-06 20:36:49');

-- --------------------------------------------------------

--
-- Table structure for table `messages`
--

CREATE TABLE `messages` (
  `id` int(11) NOT NULL,
  `chat_id` varchar(255) NOT NULL,
  `sender_id` varchar(255) NOT NULL,
  `receiver_id` varchar(255) NOT NULL,
  `message` text NOT NULL,
  `created_at` timestamp NOT NULL DEFAULT current_timestamp()
) ENGINE=InnoDB DEFAULT CHARSET=utf8mb4 COLLATE=utf8mb4_general_ci;

--
-- Dumping data for table `messages`
--

INSERT INTO `messages` (`id`, `chat_id`, `sender_id`, `receiver_id`, `message`, `created_at`) VALUES
(19, 'u_1_u_19', 'u_19', 'u_1', 'Xin chào! Tôi là A. Cảm ơn bạn đã quan tâm đến phòng trọ. Bạn cần tôi tư vấn thêm thông tin gì không? 😊', '2026-04-01 11:20:55'),
(20, 'u_1_u_19', 'u_1', 'u_19', 'tôi mún thuê phòng', '2026-04-01 11:21:13'),
(21, 'u_1_u_19', 'u_1', 'u_19', 'hi', '2026-04-01 12:49:41'),
(22, 'u_19_u_69cf792f99bf76.27290920', 'u_19', 'u_69cf792f99bf76.27290920', 'Xin chào! Tôi là A. Cảm ơn bạn đã quan tâm đến phòng trọ. Bạn cần tôi tư vấn thêm thông tin gì không? 😊', '2026-04-03 08:43:48'),
(23, 'u_19_u_69cf792f99bf76.27290920', 'u_69cf792f99bf76.27290920', 'u_19', 'hi', '2026-04-06 07:39:33'),
(24, 'u_19_u_69cf792f99bf76.27290920', 'u_19', 'u_69cf792f99bf76.27290920', 'chào bạn', '2026-04-06 07:39:54'),
(25, 'u_19_u_69cf792f99bf76.27290920', 'u_69cf792f99bf76.27290920', 'u_19', 'alo', '2026-04-21 00:37:18'),
(26, 'u_19_u_69cf794008d6a8.69225588', 'u_19', 'u_69cf794008d6a8.69225588', 'Xin chào! Tôi là A. Cảm ơn bạn đã quan tâm đến phòng trọ. Bạn cần tôi tư vấn thêm thông tin gì không? 😊', '2026-05-04 07:41:19'),
(27, 'u_19_u_69cf794008d6a8.69225588', 'u_69cf794008d6a8.69225588', 'u_19', 'hjshdhd', '2026-05-04 07:41:36');

-- --------------------------------------------------------

--
-- Table structure for table `notifications`
--

CREATE TABLE `notifications` (
  `id` int(11) NOT NULL,
  `user_id` varchar(100) NOT NULL,
  `title` varchar(255) NOT NULL,
  `message` text NOT NULL,
  `type` varchar(50) DEFAULT 'general',
  `reference_id` int(11) DEFAULT NULL,
  `is_read` tinyint(1) DEFAULT 0,
  `created_at` timestamp NOT NULL DEFAULT current_timestamp()
) ENGINE=InnoDB DEFAULT CHARSET=utf8mb4 COLLATE=utf8mb4_general_ci;

--
-- Dumping data for table `notifications`
--

INSERT INTO `notifications` (`id`, `user_id`, `title`, `message`, `type`, `reference_id`, `is_read`, `created_at`) VALUES
(4, 'u_69cf792f99bf76.27290920', 'Hóa đơn mới', 'Bạn có hóa đơn tháng 04/2026. Tổng tiền: 6.255.000 VND', 'invoice', NULL, 1, '2026-04-16 15:51:19'),
(6, 'u_19', '💰 Thanh toán hóa đơn tháng 2026/05', 'thiện đã thanh toán hóa đơn tháng 2026/05\nPhòng: 1\nSố tiền: 6,120,000 VND\nHình thức: Ví điện tử\nMã GD: TXN685501\nThời gian: 20/04/2026 16:01', 'payment', NULL, 1, '2026-04-20 14:01:32'),
(7, 'u_19', '💰 Thanh toán hóa đơn tháng 2026/04', 'thiện đã thanh toán hóa đơn tháng 2026/04\nPhòng: 1\nSố tiền: 6,255,000 VND\nHình thức: Ví điện tử\nMã GD: TXN141734\nThời gian: 20/04/2026 16:09', 'payment', NULL, 1, '2026-04-20 14:09:09'),
(8, 'u_19', '💰 Thanh toán hóa đơn tháng 2026/05', 'thiện đã thanh toán hóa đơn tháng 2026/05\nPhòng: 1\nSố tiền: 6,120,000 VND\nHình thức: Ví điện tử\nMã GD: TXN481747\nThời gian: 20/04/2026 16:14', 'payment', NULL, 1, '2026-04-20 14:14:48'),
(9, 'u_69cf792f99bf76.27290920', 'Thông báo sửa chữa', '13h-5h', 'landlord_notice', NULL, 1, '2026-04-20 14:35:33'),
(11, 'u_19', '🔔 Hợp đồng sắp hết hạn (28 ngày)', 'Hợp đồng với thiện (1) sẽ hết hạn sau 28 ngày (ngày 19/05/2026).', 'contract_expiring', 13, 1, '2026-04-21 14:33:48'),
(12, 'u_19', '🔄 Yêu cầu gia hạn hợp đồng', 'thiện (1) yêu cầu gia hạn hợp đồng thêm 3 tháng.', 'renew_requested', 13, 1, '2026-04-21 14:59:29'),
(13, 'u_69cf792f99bf76.27290920', '✅ Yêu cầu gia hạn được chấp nhận', 'Chủ trọ đã chấp nhận gia hạn hợp đồng (1) thêm 3 tháng. Thời hạn mới: 5 tháng.', 'renew_responded', 13, 1, '2026-04-21 14:59:46'),
(14, 'u_19', '💰 Thanh toán hóa đơn tháng 2026/04', 'thiện đã thanh toán hóa đơn tháng 2026/04\nPhòng: 1\nSố tiền: 6,255,000 VND\nHình thức: Ví điện tử\nMã GD: TXN004218\nThời gian: 21/04/2026 17:06', 'payment', NULL, 1, '2026-04-21 15:06:53'),
(15, 'u_69cf792f99bf76.27290920', '🔔 Hợp đồng sắp hết hạn (28 ngày)', 'Hợp đồng thuê 1 sẽ hết hạn sau 28 ngày (ngày 19/05/2026). Vui lòng liên hệ chủ trọ để gia hạn nếu cần.', 'contract_expiring', 13, 1, '2026-04-21 15:11:11'),
(16, 'u_69cf792f99bf76.27290920', 'Hóa đơn mới', 'Bạn có hóa đơn tháng 06/2026. Tổng tiền: 6.115.000 VND', 'invoice', NULL, 1, '2026-05-04 07:46:36'),
(17, 'u_19', '💰 Thanh toán hóa đơn tháng 2026/06', 'thiện đã thanh toán hóa đơn tháng 2026/06\nPhòng: 1\nSố tiền: 6,115,000 VND\nHình thức: Ví điện tử\nMã GD: TXN826523\nThời gian: 04/05/2026 09:47', 'payment', NULL, 1, '2026-05-04 07:47:11'),
(18, 'u_19', '🔄 Yêu cầu gia hạn hợp đồng', 'thiện (1) yêu cầu gia hạn hợp đồng thêm 3 tháng.', 'renew_requested', 13, 1, '2026-05-04 07:50:35'),
(19, 'u_69cf792f99bf76.27290920', '✅ Yêu cầu gia hạn được chấp nhận', 'Chủ trọ đã chấp nhận gia hạn hợp đồng (1) thêm 3 tháng. Thời hạn mới: 5 tháng.', 'renew_responded', 13, 1, '2026-05-04 07:51:13'),
(20, 'u_69cf794008d6a8.69225588', 'Hóa đơn mới', 'Bạn có hóa đơn tháng 05/2026. Tổng tiền: 6.192.500 VND', 'invoice', NULL, 1, '2026-05-04 14:11:25'),
(21, 'u_19', '💰 Thanh toán hóa đơn tháng 2026/05', 'thiện đã thanh toán hóa đơn tháng 2026/05\nPhòng: 2\nSố tiền: 6,192,500 VND\nHình thức: Tiền mặt\nMã GD: TXN911283\nThời gian: 04/05/2026 16:12', 'payment', NULL, 1, '2026-05-04 14:12:01'),
(22, 'u_69cf792f99bf76.27290920', 'di nhau', 'toi nay ae diu nha', 'landlord_notice', NULL, 1, '2026-05-04 14:19:33'),
(23, 'u_69cf794008d6a8.69225588', 'di nhau', 'toi nay ae diu nha', 'landlord_notice', NULL, 1, '2026-05-04 14:19:33'),
(24, 'u_69cf794008d6a8.69225588', 'Hóa đơn mới', 'Bạn có hóa đơn tháng 05/2026. Tổng tiền: 6.122.500 VND', 'invoice', NULL, 1, '2026-05-06 07:02:52'),
(25, 'u_19', '💰 Thanh toán hóa đơn tháng 2026/05', 'thiện đã thanh toán hóa đơn tháng 2026/05\nPhòng: 2\nSố tiền: 6,122,500 VND\nHình thức: Ví điện tử\nMã GD: TXN988891\nThời gian: 06/05/2026 09:03', 'payment', NULL, 1, '2026-05-06 07:03:17'),
(26, 'u_19', 'Yêu cầu hủy hợp đồng', 'Người thuê thiện đã yêu cầu hủy hợp đồng phòng 2. Vui lòng vào mục Hợp đồng để phản hồi.', 'cancel_contract', 18, 1, '2026-05-06 07:28:30'),
(27, 'u_69cf794008d6a8.69225588', 'Yêu cầu hủy hợp đồng', 'Chủ trọ đã gửi yêu cầu hủy hợp đồng phòng 2. Vui lòng vào mục Hợp đồng để phản hồi.', 'cancel_contract', 18, 1, '2026-05-06 07:31:14'),
(28, 'u_19', 'Yêu cầu hủy hợp đồng', 'Người thuê thiện đã yêu cầu hủy hợp đồng phòng 2. Vui lòng vào mục Hợp đồng để phản hồi.', 'cancel_contract', 19, 1, '2026-05-06 07:36:29'),
(29, 'u_69cf794008d6a8.69225588', 'Yêu cầu hủy hợp đồng', 'Chủ trọ đã gửi yêu cầu hủy hợp đồng phòng 2. Vui lòng vào mục Hợp đồng để phản hồi.', 'cancel_contract', 19, 1, '2026-05-06 07:36:53'),
(30, 'u_19', 'Yêu cầu hủy hợp đồng', 'Người thuê thiện đã yêu cầu hủy hợp đồng phòng 2. Vui lòng vào mục Hợp đồng để phản hồi.', 'cancel_contract', 19, 1, '2026-05-06 07:37:41'),
(31, 'u_69cf794008d6a8.69225588', 'Yêu cầu hủy hợp đồng', 'Chủ trọ đã gửi yêu cầu hủy hợp đồng phòng 2. Vui lòng vào mục Hợp đồng để phản hồi.', 'cancel_contract', 19, 1, '2026-05-06 07:40:10'),
(32, 'u_69cf794008d6a8.69225588', 'Yêu cầu hủy hợp đồng', 'Chủ trọ đã gửi yêu cầu hủy hợp đồng phòng 2. Vui lòng vào mục Hợp đồng để phản hồi.', 'cancel_contract', 19, 1, '2026-05-06 07:44:43'),
(33, 'u_69cf794008d6a8.69225588', 'Yêu cầu hủy hợp đồng', 'Chủ trọ đã gửi yêu cầu hủy hợp đồng phòng 2. Vui lòng vào mục Hợp đồng để phản hồi.', 'cancel_contract', 20, 1, '2026-05-06 07:48:33'),
(34, 'u_69cf794008d6a8.69225588', 'Yêu cầu hủy hợp đồng', 'Chủ trọ đã gửi yêu cầu hủy hợp đồng phòng 2. Vui lòng vào mục Hợp đồng để phản hồi.', 'cancel_contract', 20, 1, '2026-05-06 07:53:03'),
(35, 'u_69cf794008d6a8.69225588', 'Yêu cầu hủy hợp đồng', 'Chủ trọ đã gửi yêu cầu hủy hợp đồng phòng 2. Vui lòng vào mục Hợp đồng để phản hồi.', 'cancel_contract', 20, 1, '2026-05-06 07:55:58'),
(36, 'u_69cf794008d6a8.69225588', 'Yêu cầu hủy hợp đồng', 'Chủ trọ đã gửi yêu cầu hủy hợp đồng phòng 2. Vui lòng vào mục Hợp đồng để phản hồi.', 'cancel_contract', 21, 1, '2026-05-06 08:03:31'),
(37, 'u_69cf794008d6a8.69225588', 'Yêu cầu hủy hợp đồng', 'Chủ trọ đã gửi yêu cầu hủy hợp đồng phòng 2. Vui lòng vào mục Hợp đồng để phản hồi.', 'cancel_contract', 21, 1, '2026-05-06 08:05:58'),
(38, 'q5An9uJXTbOcFWoDgvJPD9Dsila2', '🏠 Yêu cầu đặt phòng mới', 'thiện đã gửi yêu cầu đặt phòng \"fdcsdsdsa\". Vui lòng vào mục Đặt phòng để xác nhận.', 'booking_new', 33, 0, '2026-05-06 08:12:56'),
(39, 'u_69cf794008d6a8.69225588', '📄 Hợp đồng mới chờ xác nhận', 'Chủ trọ đã tạo hợp đồng cho phòng \"2\". Vui lòng vào mục Hợp đồng để xem và xác nhận.', 'contract_new', 22, 1, '2026-05-06 08:13:58'),
(40, 'u_19', '✅ Hợp đồng được xác nhận', 'thiện đã xác nhận hợp đồng phòng 2.', 'contract_response', 22, 1, '2026-05-06 08:14:11'),
(41, 'u_69cf794008d6a8.69225588', 'Yêu cầu hủy hợp đồng', 'Chủ trọ đã gửi yêu cầu hủy hợp đồng phòng 2. Vui lòng vào mục Hợp đồng để phản hồi.', 'cancel_contract', 22, 1, '2026-05-06 08:14:33'),
(42, 'u_69cf794008d6a8.69225588', '❌ Yêu cầu hủy bị từ chối', 'Chủ trọ không đồng ý hủy hợp đồng phòng 2.', 'cancel_responded', 22, 1, '2026-05-06 08:14:43'),
(43, 'u_69cf794008d6a8.69225588', 'Yêu cầu hủy hợp đồng', 'Chủ trọ đã gửi yêu cầu hủy hợp đồng phòng 2. Vui lòng vào mục Hợp đồng để phản hồi.', 'cancel_contract', 22, 1, '2026-05-06 13:28:18'),
(44, 'u_69cf794008d6a8.69225588', '❌ Yêu cầu hủy bị từ chối', 'Chủ trọ không đồng ý hủy hợp đồng phòng 2.', 'cancel_responded', 22, 1, '2026-05-06 13:28:27'),
(45, 'u_69cf794008d6a8.69225588', 'Yêu cầu hủy hợp đồng', 'Chủ trọ đã gửi yêu cầu hủy hợp đồng phòng 2. Vui lòng vào mục Hợp đồng để phản hồi.', 'cancel_contract', 22, 1, '2026-05-06 13:28:38'),
(46, 'u_19', '✅ Yêu cầu hủy được chấp nhận', 'thiện đã đồng ý hủy hợp đồng phòng 2.', 'cancel_responded', 22, 1, '2026-05-06 13:28:48'),
(47, 'q5An9uJXTbOcFWoDgvJPD9Dsila2', '🏠 Yêu cầu đặt phòng mới', 'thiện đã gửi yêu cầu đặt phòng \"fdcsdsdsa\". Vui lòng vào mục Đặt phòng để xác nhận.', 'booking_new', 34, 0, '2026-05-06 13:30:23'),
(48, 'u_69cf794008d6a8.69225588', '📄 Hợp đồng mới chờ xác nhận', 'Chủ trọ đã tạo hợp đồng cho phòng \"2\". Vui lòng vào mục Hợp đồng để xem và xác nhận.', 'contract_new', 23, 1, '2026-05-06 13:31:27'),
(49, 'u_19', '✅ Hợp đồng được xác nhận', 'thiện đã xác nhận hợp đồng phòng 2.', 'contract_response', 23, 1, '2026-05-06 13:31:47'),
(50, 'u_69cf794008d6a8.69225588', 'Hóa đơn mới', 'Bạn có hóa đơn tháng 05/2026. Tổng tiền: 6.090.000 VND', 'invoice', NULL, 1, '2026-05-06 13:32:57'),
(51, 'u_19', '💰 Thanh toán hóa đơn tháng 2026/05', 'thiện đã thanh toán hóa đơn tháng 2026/05\nPhòng: 2\nSố tiền: 6,090,000 VND\nHình thức: Tiền mặt\nMã GD: TXN409123\nThời gian: 06/05/2026 15:33', 'payment', NULL, 1, '2026-05-06 13:33:37'),
(52, 'u_69cf792f99bf76.27290920', 'Thông báo mất điện', 'đsgfg', 'landlord_notice', NULL, 0, '2026-05-06 13:36:49'),
(53, 'u_69cf794008d6a8.69225588', 'Thông báo mất điện', 'đsgfg', 'landlord_notice', NULL, 1, '2026-05-06 13:36:49');

-- --------------------------------------------------------

--
-- Table structure for table `otp_codes`
--

CREATE TABLE `otp_codes` (
  `id` int(11) NOT NULL,
  `phone` varchar(20) NOT NULL,
  `otp_code` varchar(6) NOT NULL,
  `expires_at` datetime NOT NULL,
  `used` tinyint(1) DEFAULT 0,
  `created_at` timestamp NOT NULL DEFAULT current_timestamp()
) ENGINE=InnoDB DEFAULT CHARSET=utf8mb4 COLLATE=utf8mb4_general_ci;

--
-- Dumping data for table `otp_codes`
--

INSERT INTO `otp_codes` (`id`, `phone`, `otp_code`, `expires_at`, `used`, `created_at`) VALUES
(17, '123', '695124', '2026-04-03 17:46:16', 1, '2026-04-03 15:41:16'),
(36, '1234567', '610535', '2026-05-06 15:35:09', 1, '2026-05-06 13:30:09');

-- --------------------------------------------------------

--
-- Table structure for table `posts`
--

CREATE TABLE `posts` (
  `id` int(11) NOT NULL,
  `user_id` varchar(128) DEFAULT NULL,
  `title` varchar(255) NOT NULL,
  `location` varchar(255) NOT NULL,
  `price` double NOT NULL,
  `area` double DEFAULT 0,
  `description` text DEFAULT NULL,
  `amenities` text DEFAULT NULL,
  `map_url` text DEFAULT NULL,
  `contact_name` varchar(255) DEFAULT NULL,
  `contact_phone` varchar(20) DEFAULT NULL,
  `images` longtext DEFAULT NULL,
  `created_at` timestamp NOT NULL DEFAULT current_timestamp(),
  `available` tinyint(1) NOT NULL DEFAULT 1,
  `available_rooms` int(11) NOT NULL DEFAULT 1,
  `total_rooms` int(11) DEFAULT 1
) ENGINE=InnoDB DEFAULT CHARSET=utf8mb4 COLLATE=utf8mb4_general_ci;

--
-- Dumping data for table `posts`
--

INSERT INTO `posts` (`id`, `user_id`, `title`, `location`, `price`, `area`, `description`, `amenities`, `map_url`, `contact_name`, `contact_phone`, `images`, `created_at`, `available`, `available_rooms`, `total_rooms`) VALUES
(41, 'q5An9uJXTbOcFWoDgvJPD9Dsila2', 'fdcsdsdsa', '12 trần đại nghĩa, ngũ hành sơn, đà nẵng', 6000000, 40, '1qwwsdw', 'Wifi miễn phí', '15.9735746,108.25443299999999', 'A', '123456', '[\"/9j/4AAQSkZJRgABAQAAAQABAAD/4gHYSUNDX1BST0ZJTEUAAQEAAAHIAAAAAAQwAABtbnRyUkdCIFhZWiAH4AABAAEAAAAAAABhY3NwAAAAAAAAAAAAAAAAAAAAAAAAAAAAAAAAAAAAAQAA9tYAAQAAAADTLQAAAAAAAAAAAAAAAAAAAAAAAAAAAAAAAAAAAAAAAAAAAAAAAAAAAAAAAAAAAAAAAAAAAAlkZXNjAAAA8AAAACRyWFlaAAABFAAAABRnWFlaAAABKAAAABRiWFlaAAABPAAAABR3dHB0AAABUAAAABRyVFJDAAABZAAAAChnVFJDAAABZAAAAChiVFJDAAABZAAAAChjcHJ0AAABjAAAADxtbHVjAAAAAAAAAAEAAAAMZW5VUwAAAAgAAAAcAHMAUgBHAEJYWVogAAAAAAAAb6IAADj1AAADkFhZWiAAAAAAAABimQAAt4UAABjaWFlaIAAAAAAAACSgAAAPhAAAts9YWVogAAAAAAAA9tYAAQAAAADTLXBhcmEAAAAAAAQAAAACZmYAAPKnAAANWQAAE9AAAApbAAAAAAAAAABtbHVjAAAAAAAAAAEAAAAMZW5VUwAAACAAAAAcAEcAbwBvAGcAbABlACAASQBuAGMALgAgADIAMAAxADb/2wBDAAoHBwgHBgoICAgLCgoLDhgQDg0NDh0VFhEYIx8lJCIfIiEmKzcvJik0KSEiMEExNDk7Pj4 JS5ESUM8SDc9Pjv/2wBDAQoLCw4NDhwQEBw7KCIoOzs7Ozs7Ozs7Ozs7Ozs7Ozs7Ozs7Ozs7Ozs7Ozs7Ozs7Ozs7Ozs7Ozs7Ozs7Ozs7Ozv/wAARCAC3ARMDASIAAhEBAxEB/8QAGwAAAgMBAQEAAAAAAAAAAAAABAUCAwYABwH/xABaEAABAgQCBAYMBwwGCQUBAAABAgMABBESBSEGEyIxFDJBUWGBFSMkQlJxcpGSobHRByUzU4KywRY0Q0Ric3SUorPS8CY1VGPh4jZkdYOEk7TC8TdFVmWVhf/EABkBAAMBAQEAAAAAAAAAAAAAAAECAwAEBf/EACQRAAICAgICAgIDAAAAAAAAAAABAhEDIRIxBEEiMlFxBRQz/9oADAMBAAIRAxEAPwDSCPoj5EkxZHQSCYipuLUiLAiDZgdpdmyri yJ8TyVeqBRNyzs/MSTbvdEvaXW9xoUghQ5xmMxuPVW9Dn4NXV7oD2jIvjhFKTZsq jFkQaocsESEVgxIQLMTESAiKRFqE3xuVGo AR9ti1EuqLuC7aU7UI88I w8Rc2jul76Psi 2CuApRc4lSlKVTqpl74 LlVI770oaPkw/IOINSOpEphpxpGstuT/O KlId8L9mOrHkUuhXEmRECYrUHfnP2YqUl3531R1RIyRaVRFS4oUHfnf2YrUlz539mKqidFi197FK1piNHPC9UVIuW9tK2Upr7YzYUi5Gx2x3/wACM1pNpImSRq2tqYV8m3zclx6yKDpG8kCLNJdIm8PZ1bXbHlfJt853XHoFR48ucVx2HyqsTxiQ4drHEzk022tzMXgrCVAEcwJGW7PPeTOTrrsEp0NND2ZleNpnXkuK4Qw6NcrctSVJuAO40qK8grQVoSddiU83KIVc6ltKUgqcVmADUCg3qJoaAcxzABIYaQSzEljeDS8s2llluVmUIbQmgQkFmgFNw/nfCPSSUcm2dQxbrLAu5xYSkBK0gkk7gAsk8vMCcohNtQtdhwy5RsXyE5wvFcOmUtau2adbTcqqyLUKBUeUk1OVAMgN0IGZObxvXTD plZRKyblJo0hSiKgACq1HIAAVNBzxocOwxUohlyWS5Mal8vlStgzCim02jMpQBnU1JpXPKGBlOCat6b1KnErQ22wlQQzLgqAISNxIBJJqa0NSdw5ldfLsv2IhgasSxFtzWPJS27elu229NrQTcRUDNom0VOYzFajSu4ensbLynCVNpZWheyKldqSBkCBvINTkCBF62 D4k8pStnVNlSlZd6K15BujN41pg3L6lvD0pe11aPXApoCRUAZnNJAOQy5YXsNKJXMNtzE 2q5x5yXdmBwJo0zW6sgqUckCigKmp30A3wFODVIZcUpntathmWQUtN1ooFJOayaGqjmct9Kw0mZtOy8m1tKVpecVxaglQz5DuzrU15t0fJfCZnE7lMMNplL6h99FAuiSAEpOaucE5VrvjUuzMZOaXyanFFnC5 ZbJ2XUIyX0iOgDDcXPY9rWKuVQ1OXOY6FDZrY piMfRFzF6IvQIHbMFNwGAx0zhL89phPzLD6pdTLrQQ 3QqQotI3g5FNDmDv3Q3lppUwtUpNtJl59tNXWU5pcTu1jZO9BPWDkeQmErOtNaVYzJXN3OLZKUq3kFlIyrv3HKOxJbFklJYgpUpO3ngL7daocrQJSSKGoIFDkRkQYip02Z6QZfei1XhC3 eeLdWn8r0jAaA7MYa3MupSlxSDfq6hNwqCRUkgVFaVNI ISrwnPSMUbvYyDQ2n8r0jFiW0/lecwElCvCc9IxchDvhOecwjGDEoT V5zBcsjvfRgSURt7V30le GjSEo72ODPNuVDrSLksqvu76CUt3W7MSZEXNp21RKELZGUwfVWelH1TKVwWpGxEbdiKvE4icwBxPe99Aq2m/wilfRg9Se3eeBnrb LBxycHoqnYLNSqWmUuJ1m0r8IOgn7IBUmCDjHZCZmJJSbXJRab moVQjooAeuK1x6/jSco23eyU012DqTFJTtq2lcbo5gebpgpQikDbc8r7BHckQbBlI/KV6vdAMzchClJUr1e6GTghdM8RUFxNGVmJ0glm3dJ8OllcWYdQ2vPMpKgDmMwaE59Pnd6RzuEvaeYFIYSpvUyL0uwpLSdhBDw2QdxpUVpy853Z/H5qWxbSGUZlHNq9LKHqEpBUoAqA3kCteTqqCWmkuC4fofpPgSmFOallTTj7jhqTR3aUeQZcgyAAy5 Scqna6JSim99m30n/ANJMK/R5rm52eTf/AD4oAmpNiYW2pxN2r4qeTkOY5aUHRy7wKMNJbvukwpP rzJ38ymRu3cv81gGcWpDOzbcpSUJUoEgVUBUgEE0rWlRWm8Rn9UU8f6FE0vYTa pu1dVJTmXhaoW KpBqcshCHSHEVYnOJl5JLiVSswXnHFKCUipyBJ3jOvTTIGPk4 lGJSk20ly1OtQtxxQKnKJSrkyAFCAAAAa8tTEJeefm8VZTalOuqUstp50mhoBmTz8vLHPI6SeNPOu6MTHCVKcebUwhalJKSTrUncc6UI303bhujGMq4WzhUklVqm3VDa3bdKGu8Z5EdNc TZ6QNKlsEnW1JtuLDltQTQOpGdCQDVJqASOmMTh8vNuzGtYlFKZk1Fxb6U0FBQ0JORpQ0pnnEwS7N RKYfPtyikuYjOpr2xxFJdhQqMkVzNRTMk8tRAeGzU7MaT4dO4k 49c7qEbNEouUBUDcDRQBNOXOsET8rMr0hxF5ty3VqqjduOZNaE15PEYClWbHsOmFaxSWZhFqnd4NwJB6QeQ7ujOEscUB5TJLXgqI9cdEsURqcXnWvBmHB 0Y6CA9MiKlxEmIgRdmK32351Grbm3pPaB1jQSVftAinVAbcninY5mZ 6PEbnJhts7DNKKdCDTY30NfHDJB24GbmWkYJKXOpT3YyfNMpO6EbA0K5/RHEOzzk/h KTM1OtsNuL1pbStYJUkhJstBAQKVHWIBXiT07JpU7pDiaVNrbS82820NTcsA1ojIgew0MbaWxGU7NvK16beCs8/It3o6YRYxJYNi2Ay9z pnb0M69tKgq1ToBCqUuABqATkRlSJSTZkiGHYbPzbGq 6Gf1fBW3gGwzSq1ug0JQcu1g7 UxNjC59cjLv/dDiNzimwRRqm0oA02OYxfgS5bDUtyLr9ypfD5Zm5KVEEhb 6oB3EckXMYlLIwqSTtbLrPe8ywYG6DRJjAp9c 5LfdHidqWml7ma1UpYPefkDzmJMYNiC5CVmfukxG55TYOyzQXEA02OmDZXFpTs3MK7Z97sDdzKdr7RHS2KSnYfDk6zaSpm7ZPIR0QrUhgmVlnJF5yWdm3pvVpQvXO23bZUAmiQBQWc3LDZg96raheziEovFZi51NqmGBuPhO15OkR8lsRY4BLuKfuccSi7LlIqTkI5cuOXaHTvsfswQiFstNtu/JuXW7 for5jBiHkwkJ8XsjOLCYrUYhwhMVrei08ql0IoM L75UCO EqJOTbSF6tStrLZ8eQr46GKETaVoknrXE64pKk7xQoJp05080LGLey3Qnn8GfXiTzzWJTEopSWgpLSG Y0qSkk0od55TCcYdiC2ZJz7osRTwi2tqGcqtlWWxzgRq5p9Ls49bdxmvqqhIyruPCPofuVR6fjwXEnKbrYvRg ILecb 6bE9m23YZ5Qd xAreH4ktmTc 6PEe61Jv2GeVory2OcAeKNC0ruyY h7DC XPceEeWj/plR3KCOWUhf2Jn1vTCfujxDtdKbDXKAc9iEuKyE6uQw5L NTrjc680hxCtWBaoEkAhIO8f Y2Sfvmd8pP1RGdxcdwYF kMfuzDSiuIsJbEOLyctJaSYMywhLLaHmwhPOStPPUk8tczykjeW3wtIUvG5BlKdZrJelqRvJWR4zvhTpan muAfnW/wB6mNN8IP8A6haN/npf/qBEMj T/Qr1JFODYx2YldHnHVXTEvKTcu9nU3IVLgE9JTaeuL5tTruJW7Wpl1oWbTlQAHMDpoc im4xmdG9Xh2nk/IJVbLpXNMst9KXAKDpsbHoxuJlvWyzjaVWqUhQSrfQkEA0icdxOqCpaMnMtq4HLqdateTMPtr5qWuqFKZD274D0fW7MYxLvOtJ1baSgvNgkEWqGRIBIqco1K5DWvJcm3VTCk1om21tFQQbUDIZEipqaEisWIZbaRa0lKUp4qUig80ScSyQMjCpZ2W4M42pyXSgItdpU0WV5gZAVOQzyArFs1JtdipiXbSlKVMLQlKU0AqkjIQUkxIi9FvhZeeJtDoCmrdTrm2EqcnUJFyqHe2CCAch1xnMOfal0TfC1XJmnVrQzao0tUCKdZPmjSS7PCNHpBxx1tltMuyVOOLtAISAc rxGF6ZvBmtmWTMYu5cbUsItaFSTQqJApnvqYmkazOaSt2aST48J5SvPn9sdDHEMExTF55yf4Ky1rqGzWVpQAb6dEdDaEpmvpHR0QWuLyMDzsyppGzxlUHnNITMB13CmdVtK4UivU CT6oLxFDjqLWHUtuXCilIuAoRyVFfPCJ/D8Sl5ZKeyGymYRxWSKEuDPJXOYWjM0rci5w9x5XyamkBPjClE 0eeKVS7TUhLpcdT8u0bknKt4OR5qwiRJ4kufcSrEE3apG0pkneVUyu6DF6cDndSlvhrdqVAp7m5QoEd9ziMaxwh5hGMTG1 Ls/WdgZtxPYqS2k/Kt/WEUN4ViSHlPJxBm5SUoPcmVASR33SfVE0YRiWpbb7JN2tqBT3JzGo7/ogNBsZMON9mHtpNuoa5fynIgw4nsVIbXfNe0QOnDcUQ8p7skzcpKQruTKgJI7/pMBIl8S4BK93M23N29ybt1M7s4mNZoWXPjKY2vwTX1nI S7/cEgpSk/g9nqhe1huKIeU52SZuUlIPcmVBUjv kxcjCsS1LbfZJu1ulvcvNkK7cBxYykaGTXZOOK73VNUV9JcGys66vDZV665TmrCutIqfHyxnmmsZaZtVijKuUXSdaD04qK8Sw9DcsnEmbW0pKbpLmqBXbz3QZ4ucFoHLZpxiKkTKk7KraeuteXoihGKPuy0q5cpOsSgqty3pJ6vFGYW5NzeJcJdnpdTyUJCXEyqgaG4HcsZ0Jz6eiIyyp7g0vbiCUpShNieDLNNkAD5TPLlicMLXaGbRp23r59X 7 sqB8VxHg CYMrVtqu1be1yFTRoodIpl44USxxRc52rEGblJ4ypNRGVSMivphu7oZjkxLSrL2PyC2mLS0leHqrUJIFaOipoTDSgvYjkk02M3XdbMzCrUp2m L0JVCdk9x4R9D9wuLnsE0ikrlOY7KOaxSeLhxpkDQ5ueOFi8PxlrgDKcWl7W12I7g3UaWAT2zPIEcm sdvj/XXRzTGrP35MfQ9hgGXPc2EeWj/plRW3KY3wmY N5e7Yu L9 RplrMorRhGMoQy2nGZe2UULPi/mRaK9s5ieuOtNv0c0hgj75nfKT9QRnsY 8MA/SmP3aoZHDsbQtxXZmXucpd8XcwAFO2cwhNjEpPynYhMzPtPMtzrSEpTK6s5JUASbzyDmgyvj0CC2KdMP8ATbR7863 9TD74S5lqR02wKbfu1cuplxdoqbUvgmg5TQGMnpriDExjsnNYfMtucDRm40a0WDUUIyJBFd8IncRbnXtdNvzDilLSXXFba1i4VNSczStKnkAyjlm48nso420xpiWOJexVnFZSWU2pmafeClK2nEqfcWEkbgaKIOZ3x6c083MMtvNKubcSFoVzpIqD5iI8tRiujqMEm5Lgk2qacUvVvqCTRN5UgHayyAuoOffDfR/TiRwnB2ZDEGZtxxmqUKaSkpsrUA1UDUA03bgInGUUy0NG5XFCjGae ErBkpVbJTouB7xHtvhvh JN4nJtzbHFcTXa3jkINOUEEdULKSLRaYckxegwMkxcgxJji1OjWH3pU4lyY1fE16ysI6ADkB4hDNqVbaRalKUxYDEhE2E WpjolHRjFClRUsxJRiEdTJiLSeRnp3CtXh92u1qTsrsNAc86iMqnRTSh3vXFf8AHJPquj0hKY lpK4nIVxs84GiGlfzT368mv1o /cnpb4L/wCuj OPS0BxHFUr6Wfti5Diu bu8nL1RNyaBxR5k3ohpav 0fro/jhm1oBpStF2smP1z/NG/RMsI42z5Sft3Q0lsUYst17fpCIznL0Uikjx Y0N0taX Mfro/jgb7k9K0bNr2z/AK8mnULo9yUzKOouU6n0oVzDcohfy7fnEaOR zOK9HkQ0Y0r/wBY/Xh/HExo5pX/AKx vD OPSZ4MIllKYcTrMqWkHlHJ4oTLW586r1e6H5C0ZFGAaUeFMfrw/iiRwDSb  /XE/xRpVa/vVOK8n/AMRyUP8AfOOJ8rL7Iwwgl9GNInV/hP1sfxQxOhOkSGbkqc8nhP8AmjQSiJlpd3CU l/hDF/GZnU6vWXfzyRzzlK9FVVHnbujmkzS9lT364B/3RSrBtK/n5r/APQ/zxrppyZXcrXq9XuiMw65KYPLuNatTilkFTia85jpxfLTJSoyKsF0r fmv/0f88VnA9KfnJj8nu/dyZbfj88aBWKz3gy//KPvhtKLVMYVwt1LesscOyigyOWXVHRwoSkzD9gtKPn5j9f/AM8fDgelfz8z v8A eHy8Ym0Iutl/wDln3wTgWIzOJreTMpZ2UEjVopnUDlJ54WXxAoJmV7B6Wr2UvzCv Pr/wB0VuaLaUzfa5lxzV7zr5krSOmgJPqjczzfxPNpSpLex8oqoA2hmSAT6oSuMJ4BKd3S/wAq5VVy9vZRu2amnTzxk7RnjSMXPyb Hz7kkp3Wau3atIBBAIIB83VDiUwfDZjB5ebumNc48hlxN4oKuBJpllkajPlEVaTspaxjWJdbVrEpBSmtRRKSK1A35kUr1QJKKvZcZ1 rueaWlKtxzoTkCaioPirzCCtMSh3J6N4VMMuOOOTNyXnEbKxuSspHe76AQuVhko1pDwB1Typdz5JSVAKzGVSRTeCN0Eycpdb3clO25RO1XJxQqNmmdK58/JFWkLKpd6Xc17jjly6KVSotIIpQc5rBdV0ahVi0uxLzj0o0w82ptXGceCqjeDQJFKih5Y0eg2I2Lcw5Stn5Rv1Aj2HrMLMebvlpLE7lPcISELU5SqDSoTlTpHVC2QnVSOJMzafwaqqSnlG4jzEwjCnTPYEGLEGBJV5LzKVJVclSQUq5wYJSYB0BKTEwYpQYtBhAk46PkdAMBFyJCMOjTObv/q1v9YP8MHSWmanZyXlncNt1zqG7kv1pcoJrS3PfHS5pkeRrUxNIiKRFiRCSGLEJgtDUUNCGDDSlxGQBfNtdpV5JihlEEz5csctSm1KDxlUK8wCE89CRWtN8Ql J V3yd9DzRNvYSxN3hR8UzfBKEfkxMtK8GNRrFM81ZLK6vaISvKjR4qO4HOr6wjMvGMYnLK2PpGOmlbbPlK9kVyfE kYsnGVLQzquNf8AYYrWhvRNuJ0i6WwzY7a7BgwtrwlelE3QtitwbCopxTYwSUu8PLzGGczhykIVaq6Bsfkpl3BJJuWYceUm0qS2KmltK59MUw/YzejOce63at8GsP8AD/6h/wB097YQKwjFL7ux7yd/eD3xoJCXfawTUutKS5Y9sqTnmcvaI7HQiMtM7DLmztW02q7yQOfpg3Rj7/mvzSvrD3RVMYXiC0JSmUe44u2eQZ/ZBeASM3KTk2qZlnG0qaIClJoDtAwmZK9Gx2Hz r7Dzusuts2tWoBVLhuJBEI3jI8Aku1TXyrlnbE14qK1NufJ64ezZV2Hm1NNaxVmylSLwdoZUoa KEzqpngcr3C38q5VPA0mzJFDSmVc8 WnRAxr4Bm9ibSZphfClNNva5nVObS0lNAlNaAAHcefkMIWFJ4SypXFvTW1VMqjl5I27zLsxPzDLksnUuNWFWoAJq0AdqlTnlvypSMEhKrNWrZUmqFc4Iy6jAmqdkzSSLsmlxNylXXrp2xITTWKIqKb6GCMS4NPTkuzr2bVImBdemgJCaE5849UUYQtTzLLi5ZCkuFayrg6TmXFVzpl4uSGEw032bkE6pviv8gpuTSGigvoTYcWp3R6cwx9xLbie2M6xYGe gJ6R 1GfQlVl1qvMYcyDvAcYZedSnUvLWFXAUtK1J5eYgHqgfH5VUjjbzf4NztiPEd46jUdUTYPRrtCsS4RhXB1K7ZLqs icx5sx1RqUmPLdGsQ7H4w2pSu1vdrX17j56dRMenNKhS8HaCUKi5JgZJi5BhWOXVjojWOgUY8mSNtPkn7IvlR8a4d mM/vEwODtp8k/ZBEofjXDv0tj94mD7OY9PRFqYqRFzYikigVLIvXDuWSlCIWSyYYtqiLAZxU7La5vWNPKUzrV7NO/NTlXOmdOo8gi7CUtru1CXtXl8qpOXQKDPrMKp7CpuYxLhLGrU3bspU8kZ1yJBIHnh5hQsZtUlKXvwuroQaZBQIyOVBz5cwERbfLoo0uPY1bbTFhSmK0mPt0MTF2PIT2KeV5P1hGKf8mNpjp J3vo/WEY9YhkrCilmbYl0WqU5xvmjB8tOyjq02uuazvU6pQr18kMtG9HZadmdZPJ1iU5hmtB4zTf4oaYho3Iys/wAJlG9Tcn5NPF8YB3Ho3QrzRviF2DyjSnfCg0yavCiyWSlCIJKoAgneZUjjQhxZczKdsTMzGr73tiqAAE0HJyRrnLVwtmMPTPItafSlSVeBWhoRz9MDm4rQ8dmHRis67PqZ4TMalKEruSpRzJHTzE aKJ6bxlbzfY1 acZUnbVcokbRBoQcsh6odzmDuYe8px bZTcsFOQBqE0yqOau7nMK5YcBQlPC7kpyNqDuryCmW/2mLLJk4pxVhcYopRNYgt5KeEzWygfhVb8 noPmMRM1PcJ1apuY6U65XrzihxhTr2uaxBSXk0I2VBPGrmncRSooec88WlCdc2rhKnnLaG5BFd2dScz0UG/KNbe2Dro0MpMcEkJiZt1mpl1uW130BNK9NIDltK52blkvNYE4pKk1SpLqj6wilYvT/UmJ/oT31TGh DRhK9CpRSmUK2lbSgK8nRHoYJKELaODy5yj9THTumDso8luZwhTbik1CVPEGlaVoUDljC4lMJmcYmphtrVpmF6zV1rQnfnQctTu5Y3HwsISjS WSlKU9wJ2Ru UVGDmU8Vz8qiuvd7ITNkcxsK Kk xzgWOKkpZMkpu5tLtQq7MBRzypnQ1PXB0xPMLxiScuVanXXbCuUJplSvJGbkT3fL/AJ1I/aEaZ0/Hcl/vvYmJwejoE82lqYwFtW1rG3ne8VxVLNc6U5vXH3GXU4ngklNpuVNM7DuwqlNxJNKbwDSvfQ7whlMxgimXOK4t5CutahWFmj 2ufwaZ4ryVbP5Q2VU6dx jCyRkZtSVI431h9hj03RzEuyGDsvKV2xKbF UMievf1x5etlUu84y4ntjayhXjBp9kaTQvEeDz6pJStl5NU WPeK YQgYOmeiJVFyFQKhUXoMai4TWOiq6OgUE8rHHT5J yLJAq7MSX6Wx 8TFsrg2LTy06qUU2n5x3YHrzPUI0 EaGty8y3Nzsyp5xtaVobb2UBQIIJ5TQgc3ijJM5krNSgQUymKkJglAgyZQKag5owA3BrcSALXW 0q8kwTJNWM3eF7OSLESyXUbT6UpVXkJNILblGP7X6j7oSg2VgRxMXTEslpnWJcU5u5MoFujAAcb/qp76P1hGUQnbujTY84lGFPfR sIxasekpe5W04puuyiijUbxQGoNct3sMLJutDxo3mCucHZt75XGi6exvD9ltybbuVW22p3CpqQCBlzxjdFNJX5qTU5iTercSoW5BsEHmuIrCecmGpjGEvJ4quEA7siEgEVGW8HMZZgjKObHi5TdlZqnR6My806hLjbqVJVuUlVQYpnsVYw/V69Su2KITamu6la59IhPgeKy3AJeQTcp5to1SmnIQDUA1G8bxnD6RxCWa1mtS4m62naVL567gackUk JBKxbjWOS2Dyaph91NqVKHHptBJUE8uZAGXSIjOysy68mYkVOXJyWptWeW4 qPOvhBmnpuW1a0qtTPOFGXeBtAFabjWu/kpG9exLVSdzbmpuyTsVzpWmYNMj6jzGKODcVRoypgkxhz62XHptp5VrRtUrmqN8JG0JXLJ2bbacp5CILmcYxB1lTapm5Kk04qRlSlN0LROK2rkpbuVUNt0IHLkTnFsSlFNMM2mWIl02RSGu6Uxxn0 D7PfHxucaW9/FGadgTQ7Q38SYr gPfVMaP4NLfuJk7nLd/fDohCg34Div6A99Uw8 DeYZa0HkwtSbs8uXcI7se8Z53mNLbMZ8LH mEtaq7uBP7xUZAJYXhs lxKlOapJYVWliwoEkjlBSFDxkRr/hVcS7pZKKb4vAB0fhFRh3 9iUi LeOP6B23VIteTxkqCx4wQRGgViUovFZV7XpS2nWV6KgUrGcQOMnwVf4iH BO62Zw5PfN69B8ySPUfVCwdFkGYPisjLyCW3JlKVa1w2q6VqI9RhbiE4w1jzeIyjqXE3JWu30VDrHtjR6Pp Kk/nXv3iohpPI8IwdTiU7UuoL juPqNeqGb0GtGU0hEtMYwqYkl6xLiBrLQRaoZcvQB64XNOPyjzbybkqbUCnxg1HVGkWnstoYpP4xIK66JGX7Bp4xGWSb4R9iv8nrWGzaZuTbmG K4kEdfJB6TGK0HxC9l6QUr5PbR5J3 Y59cbJBjHRF2rLro6IVjo1DFiGkoi1tab4g2w66vZSpxXqgOcxzCcMWpl bS9MJ/ASlFqFKbzuSc9xNeiGkyQ7QpPhRekRkJPSeZxCZcbYablWUoBTq6qXnzrI8e4DxmNNhiFIk03XXKUTtVqd2ecTYRg3BiIEbgtAiTAVy47SnyYJTFEsO0p8kRekQLMLdIsSclEYVLNK  pqi/JFBTzqB6oJTAGkEk5MTmGPJ TlXVFedKAgGvTmkDrhglPFgMB55LtaTaRonVJx1LcumbdZ1fAm1UCFUArkd1IirQLFnbdbizSrRQXYehVAMgBVW6nJDzQgdwYj/ALUmfrCNQlMUGSVHnkt8H2KSiFJaxZhN1P8A2xHJmOXojh8HmKIWpSMZZTdvtw9AB6ro9Gt4v88hiYTCoJhmdGdKGUJS3pMlOrSQn4vbNAaEgAnIZDdzCCEYRpii63StO1/9a17 mNkREbYDSfZjzqe0DxvEEKTN46ly5ZWruJKdogAnJQ5AINRorpGtKm16UBIyuScMQoZbq50Mbgpik8dWypW7i9cOCkYdzQ/H/wD5M0r/APkte KfuSx3vsZZV V2MaB9sbtSv7pXq98VE/3SvV74ZSZuKMOvRDG1o/rlPlcAb98UjQzGUbSsWSr/AIJA/wC6N8Vf3bnq98RK/wC7V6vfFo77EaRg5BE7IvY/hk3M65LeEOODtSUgEpPNXk6eWNHoAy87ohJqbbUpPhVHMOcwnnV/0k0k2bfiNX1TDP4P3XE6JyqUvOJTnspIA5I6sWtI8f8Ak2ljTkn36M38JaHE6TyiXE2q4F/3nmjOSI U6vtjRfCOpStI5ZSnFOdx8ZRr35hBID5Tq 2ObJ9mdviNPDFr8exVOosxJX5XtFPfBujyktY23cpKU2q4yqCtKcsDYkntyleCsHqOR9sRSEoeZcc TStN9uRtJAND4okuzpNjo  wjCkpU8ylWte4ywPwiiN5grFZiWXg86lL7KlKl3AEpcSTxTuFYWYLgMpNyGscceu1ro2VgCgWoDk5hBGIaOSUvhs28lUxc2wtablilQkkVFI1ooroWaJLaRJzqXHG03OjZUoCooeeMvPyyZLEpiXbWlTbazYpKqgpO7PxEV6axpNGMJlsQlppT6nO1ugDVqA5Cc6gxRpNgzWEsszMslSm1LKHNZnvFQailNx9UZsSviKMIxDsfirM1dspVRfkHI bf1CPWGDeiPHVC/vU/Rj0fQvEOHYOltSu2S6tWeeg3HzUHjBjWNje6NDbHROkdGssZzGkYzjHa1TqpeVz7QxVCTupUjMjfkajOB8L D9/jPuJbZUmilKuFRUHIAgncObxxuWpdiX TauV84r7ByRabl8bagMlQJh2EYfhiO5mLlfOKSK55mgGQ8e/nMHiIgRJMKwhDUFtiB5dF8dM4g1Kdrb2nu VyI8fT0RNgCJZFjKfJEXgQjamnPn1QSiaV86qFsxZisxwdm1KdY45khu6lcxUk0yAG8 LlIirsgr yJ9P/CPi3WtpXfK4yuU MxUqZTGAJdAdvDcRV/8AazPtBjVpEZX4P/6qxH/akx7RGtAijGXR1OL/ADyGJUjqcX eQxMCAEjSPgEW0j4E7EYBWUxTTbV1fbBJTA60KW8q1xSd3FCennBgmIkRWoRJTSvn3PRT7orU2r59z0U 6MgnwxBccW1fPueZPuiC0K fc8yfdFosBjJ8/wBJNJP9hq qYxMmU8DbuSlWyOMAfbG0nx/SfSTau IzzeCebKMRKnuNvyRFYzcXohOKfYSplU282lq1NqSOLQZkcw6IucYdwxnWXJcU4oDloMieuKpVyyZSqDcYN8m2r8v7DE5y5StjRilHQleSqbuSr8Jls KkDI7bLbXGUmnX/wCYYSn35L/nUfWEDTMvwHEpuU71t02 ScxAZjZaH7ejzPlufXJ9hEM8XHxJP/o7n1TGIwXGZ7DNdKSyUqSpeutUgqOYANKHdkIPmtIcUmJN5l1hKW3GlIX3OoZEEHMnLKFaKKWgjQYdxz/59P1TDLGpBOIYa9L984nLyhmPWBGWwHFZ7D0TDco0lSXFgq7WpWdCN43Qc9j Lr/Fk/8AJV74PsyeqMe34KuMnI3b4f6I4j2Px5tKldrmu1nyt6T56j6UKJlmZXMuPONatTyitSbbRUkk0BMUHWM7XF5lJ3g8hEAmrWz2ysdCvBsYZn8IlplbqULcRtpB3KBofWDHQLOg0yREolbH1Kb4whGPrrrEozrH1eSnfU8wHKYonsRYw9FvyjyuKn7TzCM5MTTsw9rH1XK9QHMByCFZhlM4q/ML2VKbT3qUqp5yN5igPK8KA0qiwGEYApMwrwo ibV4SoC2lxMJVAoxdMTDvhK9KBlzLnhK9KLFNKXEeCqX3sYwT8HrzSMHmkuutpUqfeNqlgGhtzoeTfGvTMMfPt mPfGAwqXnsJZcZln1atTql7SUnMmp3iGiZrGf7Sr0E 6GbCujW69jZ7e3xvDHMemLQ8x8 36YjKIfxtf4z6k 6CW0Y6v8bT6KfdAsxpNa38636Yj6HGrPlG/OIRJk9IF/jzfmT/DE AaRf25v9n GBZrQ4U618636Yikut3q7a3yd IULk9Ikfjrfop/hgVxGOo402nzJ90GzD1b7Hz7fpiKlzDHz7fpj3xnVzmJS608JmVbXFtSnk38kfHJqZdR8ur6OXsjlyeXDHLi07OrF4sskeSeh8p9j59v0x74ocnZT 0s mPfGYcCu gZaYEfNT6Rf lXbPk b8e0ieTtNqwZQS4nikhOYB3EjmjDyx7mb8kRtShPfJhRiGDNLRdKWsq8G3Z6hyR3Y80ZKzjy NKL1sSoO3F0y pcsltXeqr6jHdj5nvVJ9H/GIOSUz3yk j/jFbs5trRCV /Jf86j6wgrSxjg NtzHezCCFeUk 6kDy8s 1MtuXcVQPF5jXng/SWa4dgiVOJtmJV0LTbuKTkacxrTLohWzLoB0eneBaSSbl1qXFahfiXkP2qHqj0DGj8Q4j iu/VMeUKUqzZVareFcx5DHp83N9kNDJifSn5aQcX4iUGo6jUdUZ9Bg xP8H57jn/z6fqmNK IzXweJvkJ/wDPp qY1jjavBVCvspDoxOmshwjDUzCU9sl1V iaA uh8QMYxB76PVJ WTMMuMuJuS4koPiIofbHljjDkpMvSjnyjKyFe/xf4Q5Oa3Z92vCV6RjojWOgCnrui6l8PcQ44pxT6CVqUalRB3knor54Z4pjQl1ql5ZPbE8ZVMkeIHefV446Ojl8dtw2dvkpKejPqcUpxSlrUpasypWZV4zHAR0dFjmLExYI6OgMyJpEXIEdHQoS4CJBMdHQDH1pHGi9Ijo6AE5qbbX8lcvycvbSInFVtLV2riipuXTLl3Ax0dGMEM406tCVoa2FAEWuch6CBF/Zo/hA435VD7CY6OjAJqnVLgVb6r46OgmFOMElDVVUqvjcoJGR9vngaVmlXrbV8oil3Ma7j5o6OjyPMS5s9nxP80EvJStF0Arjo6OWB1g61R8lk65biVeCaeM7o6OjsjJ0TkkLXm7Hrf58UQNq0R0dHo NN8kjzPKhHi5FdiY TLCXZZxnwkkddMvXHR0d0jzkY9tWx6oKZmlIklM61dlDlcaUPR46 eOjoCFROSfUyhVrik3K70keyCjNu/POemr3x0dAKR6KnH317Ovc9NXvgRUsta7lEqV UanzmOjoxivgS/C9cdHR0AFI//Z\",\"/9j/4AAQSkZJRgABAQAAAQABAAD/4gHYSUNDX1BST0ZJTEUAAQEAAAHIAAAAAAQwAABtbnRyUkdCIFhZWiAH4AABAAEAAAAAAABhY3NwAAAAAAAAAAAAAAAAAAAAAAAAAAAAAAAAAAAAAQAA9tYAAQAAAADTLQAAAAAAAAAAAAAAAAAAAAAAAAAAAAAAAAAAAAAAAAAAAAAAAAAAAAAAAAAAAAAAAAAAAAlkZXNjAAAA8AAAACRyWFlaAAABFAAAABRnWFlaAAABKAAAABRiWFlaAAABPAAAABR3dHB0AAABUAAAABRyVFJDAAABZAAAAChnVFJDAAABZAAAAChiVFJDAAABZAAAAChjcHJ0AAABjAAAADxtbHVjAAAAAAAAAAEAAAAMZW5VUwAAAAgAAAAcAHMAUgBHAEJYWVogAAAAAAAAb6IAADj1AAADkFhZWiAAAAAAAABimQAAt4UAABjaWFlaIAAAAAAAACSgAAAPhAAAts9YWVogAAAAAAAA9tYAAQAAAADTLXBhcmEAAAAAAAQAAAACZmYAAPKnAAANWQAAE9AAAApbAAAAAAAAAABtbHVjAAAAAAAAAAEAAAAMZW5VUwAAACAAAAAcAEcAbwBvAGcAbABlACAASQBuAGMALgAgADIAMAAxADb/2wBDAAoHBwgHBgoICAgLCgoLDhgQDg0NDh0VFhEYIx8lJCIfIiEmKzcvJik0KSEiMEExNDk7Pj4+JS5ESUM8SDc9Pjv/2wBDAQoLCw4NDhwQEBw7KCIoOzs7Ozs7Ozs7Ozs7Ozs7Ozs7Ozs7Ozs7Ozs7Ozs7Ozs7Ozs7Ozs7Ozs7Ozs7Ozs7Ozv/wAARCAJgAaEDASIAAhEBAxEB/8QAHAAAAQUBAQEAAAAAAAAAAAAABAACAwUGAQcI/8QAThAAAgEDAwIEAgUJBQUHAwMFAQIAAwQRBRIhMUEGE1FhInEUMoGRsQcVI0JScqHB0TM0YoKyFiSSouE1Q0RTY3N0NmTwJVTCF4OT4vH/xAAaAQEBAQEBAQEAAAAAAAAAAAAAAQIDBAUG/8QAIhEBAQADAAMAAwEBAQEAAAAAAAECERIDITEEE0EiUQUj/9oADAMBAAIRAxEAPwDHaH/2/p3/AMql/rE9H1NmW8eeb6Ica7p59Lqn/qE9R1S3NYM9MbmT6wE6UUVWqrGoOBxGo9NNp29cEwOvvGoAAFRjOD3McrO9MFhjacTIMQ76isTwWxLCiV3jBlPRfaygZ+sMektLLJA3Dhe8oivQHpkE/WpN+Ep6DGgvlOVIOCD6S4ukqVqYpUkJfY4BA9Rx+EytKpULFGyWIxyJAbqdJFQV0HxE8/KVwZi689T3hGKlWhUXksp+eZF9Efioc9u0KOo3FMUyKinAHxFYPVdDu8pQFboW6iPFNlQhSAxUjHrBWp1NxwCcnmAlqgIwIySOIlQFNw6jtGFTnBGJLSOCEyOTAdSpPWYKMsfSPdjSqFQcEdQZLzaVN6MCcQSq5esXqE7j6SierXCUgwYbmPQSPzztDkbiD07xlPYzYfgTlRTglRgSh9eu1w4ba3A7x9EodwfOFHGD3kH6UoPQxyIM+sUNVfibCIdp/WEZWamm9qi7WA4C9IqreXXI7HrO16CNTWpuG1u0yAKWoVVUqjMobrgxjDzHO5sk94y5WlTqAU8nHX5yFWYnpICwFDZd8n1Jg1wATxJVA2jJ+YkwoUalPc5xzjI7SipZDT+LMvrRaNSzSrQZlqFeee8rEsqlzUC0Uq1B3wJaU7SztbcpcU61tcY+Ak8Eyisv1qPUFFQAwyWyCCfnA6DVQSEJwePbM0DUrd7ZKuoKGLfrJ6SluPLS5Itj+jDfD6xQR8YVVZduBzxnJnQpDKCrbh6ntOrc78BxJG/SVN2c8YyZkW2gUHvDc0HuCqNTJwTKElKFarTYF+SFYHGDLbRXrW9+doyHQgypuVUXFQZxhj1lEVWozhUJOF6e0mpU2q0n+EDaN24nEL0k00Z2rUUq02G05PIPYyO68ygptlKtTJznGSPtgVzEu+MYhtqLc0GSrlSWHxgdJCAy/EN27sR6RpqlXLKCvJ68yxBLFbamXpnLg/CQcEH1zBkqnejFA4HZpIrllIZRg+sa5AcClz9koYKjLch14O7OBLB/LqUxVq0lVsn4TyWP9JWBWp1QTng5htZ2Neoz/ESep54kDqtIBq1WmgFMdFz0kCvvVAVCkdSD1hArKaTr2ZeT9sFUZI6kDtCiEpr5almOBzgDOQOsKtEZ6nnMFUFvqxUbapVo3FVCvl0wC2Tyc9MCQ29RqLEP8YPr2mhZ3lZgnms3wZ4weplQrMAeeskbfVfy1JIJyBmcZalL4SvWATQpCiA23kiWCJUq1bWptJAcc/bB6bb6QrVOiLlyB0lhp+opdVaVtbIRhwSSOgkGoojZYqD+zM14tA/NtM/+sP8AS007o1OgNw42gzJ+KH3aeo54rj8GiM1looopoF6ScaxZH0uKf+oT1ahf07TVdtdsU6wHX1nk2nnGpWp9KyfiJsfE915dW3O/aGTHv1mMlb+70WwvqYqKiscduolDceH6OxqSVSvOfilJb+JLrSqgpFjUpAdCeR9suLfxTaXC5834j+rUE4zqF1UB0R0C7CH2+8ItrKpTGHGM9oZR1Shuybem4/wtLKhdaVWA8xHpn5TVysWSVX/R0RdwAHHp0mVr2TCsy16SVF353AYbbn1HtPRBT0g4/TEiStZ6TXp7FKTH7JtdPL306rSw1pVNJCPiyMkHvGJpxFPm5pMP8TbT/GenLo1gP1kxG1NB05x8NOmfmJm/kYz6vNeU3tvXo1UKVadTYvBRgfvxIvNvTUDlE59wMT1RvDmn/wD7anG/7NaYfrUFkx/K8dXivOX0t6iCqKtF2KbiPMHX0istJq3dIVM0qZH6rMAZ6KfD2kgYFFT7YkVTw/pijd9FB+Szpj5sMvhxWGuNJFIAvXpsxH1VYE/wgQ0+vUR3pUGbb6czfNotipylMp/kjPzVo+fjpqWH+CdJlGdPNX3op302B7ccw2zL3NQKls544GOTN22kaS/1nB9ipj00jRU6VcH2BjqGmEqWV+KmBp9cE9MqdoEedPrrUwLaoTngYm9Flpna5cY9SwjvoenM2TcBj6l+ZOzTz+60e6RTUa0qEDGcCV/0GoaxNG1rEDPDDkz1YWtkBj6UMf4qhg7WNgKmRe0lPswkvkkNPLKljUpVvNrWNfbzxiNYWzikPoVVCn1yT9f+k9Tr2mnVGBe9pNx0zmRDT9FUfFXpEzP7cV08yorbLW3Na1GUHIDNiS161C4pVKFDT2QtULIVbJHt7z0c2Whf+bS++cW10ZDmlWphvYmX9uJphLR7y2p1adGzq0ldQCQcsD65gF3a0lXeRV8zPxeZ1M9KXTLCrUL/AElAT6tJv9n9KcZe7ok/MTXcTTyn9Fc0TRqbgAOPhkb6bQpodlJ2HUH0nqzeG9L/AFKtJjG/7LWrjG9APaW5Q08spULfo25fnJUNBHAA3YP3z04+C7FhxtzO0vBVrTqblVcjvx/STqLywjNeNTRqNoDgdQnOPslY2l1fMZqlnXZm7AYnrw0iqm1VcYHoF/pO/mesamS/4f0k6n/U08loWht1fNnXp5H63TPrBalWkr42kfMT2erobVV21CHX0OP6StqeCLOtU3tbqD85e4aeUCpRbhQfliJaNq78q2Z6tV8CW9cBUpJTx3AgzeBktCXN7hh22iP2YmnnjacXUbKLYPT4TH0tKdVP+61C37h/pPR7Oyp0jtd1qEdzTQfyhdxaO1PNKsiD2RP6TXUTTzhLCgtuoubJqbMMluuJX3tnSQ7kJ2n2npK6bTuMrcXobPbYo/AR9bwlpgpbfNwG5Mux5OTbg7MnEKsKVuVZvTtPRv8AZHQDTG4qH7mMHhLSVqA0ay4PbEg8+YptPaCANVYhFLH2nq9PwppAHxhXPtiFL4X0XyPgoYb9oER0PIFpXFJ1ZaTls8YEMvbG/WuEa3dXb6qP2z0nqC+HdKRhuDZzwQ3MMq6RpVT464qVmxjLuScS9DzGhpF9QFeneMiUw4Vk3fWYDPQdcdPmZa6Jp2NQApU9tJctyOXPabenpOicDYVhVG30izbdRosX/aAJMlorri0FUFWGAgwTMB4roPS04MR8LXAx9zT0+o9J12UqFRgeuRMT+UNPL0Givllf96XquP1XkxtZedRRRTqJ7H+/2/8A7q/iJovGJ5sWz1B/lM3anF3RP/qL+M0nian5lrYMeCcqCfcCZy+H9D6jcrVtqdSmP0e3bn1OJFZlkshuGXU9fbiC03qJbU6FUfCHI2ntx1hdsop0LhV52kEfxmYq4S4NCmrIgzuAMlvPE1fTaBK0w3w5/jiQld1sSByADiV+v06f5vqFjhvLyP8AjX+slm0hjeNtRrsVzsGCfgXsJAfFGrq4ZLphkZBPcSoo6ddX/wCktLapVVFy20cY7xr/AO8UjUpoE8vClAenHP8AGZ1FXK+M9Z73ZOPaPHjbWMYN1/CZ1CCdpAQkdT6ziqzdscZ+z1jjH/g0g8a6oOt433R/+2uqHpdn7pl8FSVYc5xECVl4x/4u2p/2w1E9b1s/KSp401NVwL0/dMqBuGRHDIiYReq1J8bar2vM/NYh421cdLpT80mXzFmOYdNWvjjVs/FcUyP3ZJ/tzqX/AJ1M/If9JkcxZMcxNtafHeqH6opke8av5QdRU4ZaZPsJlg+Dz0k9erSFdalCgGULkgHvjn7o5htpG/KBfFc+VT+2CVfHd03xGihJ9DM67UygZMZOdwA6QV8EZjUNtP8A7d3XX6PSH2zo/KBeD/uKR++ZHmPWnuBIBOOsvMXbXL+UG5729L7jJF/KDW/8iiPsMx2adOm/eo3GCOgyDn+EhY7jnAHyjUNt0n5RKqnmlQ/4TJh+UN+oWkP8k87IyY5EBzkgYGRnvJcYPRR+UO63YTyQP3Iv/wCo95nBekPks88GR0MlQZPMcw29CT8odyx+KqoHssLp+PxvAe5cL3wJ52BxJUwF5kuMN16avjnTmwW1Cop91hCeNdJPLaqw/wAn/SeSVPrRu5QCD37+kcRN17CfGuinprRB/wDbP9I//brR1GPz1n/+2f6Txfd3k1Mgx+uG69jHjPS6o+DXU+RSDNrmj1n3vqm6eTVGC4xGM7dmI+2X9cN17FSvdDqH/tOmPmYSraIx/wC0qLf554qK7lepiFRz+sfviYrt7pTOjjpd0Meu8QqnU0gj4by3bHq4ngouKgTZuOIzzWB+sfvl1R9AqdJJ/vFsf8wnWfSAhJr22B6MJ4Cgq1iQr9AWOWxwI6nqFe3QrSqMmeuD1kso9xfVvDNNir39oGHUbxGHxF4VpL/fKRH+HJnhL1nqOXY5Y94gWJVd2NxwOeJOb/0e3VvGnhOgu4VC37tMyK3/ACg+Ha9NnFvX2A4+qM/dmeL1Q+5hnKg4BE7QrvRJKky8o9Yvfym6XbVnp0NLqVApwGYhc/ZB1/K1RpjH5q2/aJ5iHFRy1RuT3MSjzClKmWZmOMe/tLyPWrT8pdvqNQUUU0ajdFA68Zmf8c6jVvdOpB6rsPPB2t+60zeh2la115FrUmRlVsZHTIx/OWXio5oUyOm4f/yiY+9pWZiiinVElv8A3ml++Pxmp8QZbRrN+61B+EytH+3p/vD8ZqdcJbwzRI7Ov85L8P6oa1ZmcqTn4uPaWNmAaVQ5ByMfwlQiF2xnnrLCwGG92T+cxBdUTvtNxOMU8wDX8nTz+4c/YywmixFmU7gYH3wfWRmw5Oc0n/kf5RSA9I8TnSNHqWtrakXFQENV3cEHviVdOoKaBsdueINTqCmDnPIxJlZDTIJmdT6qG4fzau5RGYKkfKTBSpxtz8OeftkTldxxjnnjtNBu4k9cyVRvQtuUY7E8mQngYAncjtkcQJVYrJAVbOTg4JEgUHbknviPU4578iA7M6I32nRKO5iJ4nDEeBA6cleOpiRgSAOMiM3EYIJGPSIOARjjAxkQCPo6kEqwx78QOpjOBLwJpLaEWqFjdE4DA42nr07jHEoTwZFOxvRKaqqkE5bPXOP/AM+2NBq0GZQwKg8jscRbsRmcjGYHajGrVaoVA3HoO04E3MFGMn14ixOgA9ZEM2iOCicK4MespXNklQYnBzJFEipB0iM4JwnnEBpGSeeR0HrIHbOSeDmSuZCRmVDecA+slpttIM7QSkaoNU4UdcTtWorVMogVewlU2tVD1MKuAJwCN75jtxlEiIewjghHaPpM2MYhC5PGIAhWc8sswEsRbM7YCEn2EsLTw1fXTqadBgvqwxAq6FLyvjI494HVRPNPORNnceDb4W5+JSeyiZO9sa1pcNTq02Uj1EgDzjpEHIAXsDmdK4jYVLVuA2cLjPaRqRu5zjvidUAg57dIVYW9tVrN9Kq+XSUckdTCByDtGZym5VwRnIOQR1nW6kAkgcDPpI8lWyIGn0fUrnUdQ/TkN5aAA45+sOv3QnxEh/N5qE8eeg/5WgPhJQa1ZznJKr/Bj/KWfiJf/wBDL/8A3ij7kP8AWWM1lIoopoPo/wBvT/eH4zWXait4aZCM7cH7jMnR/t6f7w/GbC0AqaFWU8nY0l+J/WXoki5A9VzDtN+Or6hUI/jAKbj6QTUwVXAHHUQvSSKbkA9icTG10slLCxdhwVB/hO36btPQN1KMPvpsf5RW58yy+PHxFt2Ptkl1+ktKIz1dVz9jCLSMUdxwRjGcx9PAZuQR0yRGoMqwyRx2j0Cink8H1Eyp1N02ncWJ29h3kBBVs+slJYVS5AyTux2MdUy+amQdx6CURAFs9OBnmcZSjYIwese7Mzlm5PsMSMnJ5lDweJ3tGg5EdAkaszqqkDj2iHSMUEnAEIS2qsuQpgQ7p0nIielUXqsQHw8yhjdMRm3mPYxhIgPDEE8e0ibqY7JnNue/PpIGGNAkpRjyYw/D1gLGI5VyOOTEXRlJYtv9hxGqxU5RiD6iFdIiHE4M950wHq3MkWR01J5ky4HEI6BzG/rSUMM9I7FNjndgwoV5EYVUosfqczlS1AoowJ387hjj2hA2Z0Cd2czu3EsHQgx1nKdMu+BOAMenSWVjaNWdQi5LHAl2rlK3YYAHM0WleFbi821av6On19zLnRfDq27LVrqHcdgQZrre3UKMqfljElqKmw0C2tFAp0lPu4yZa07XaOARDqdJQMAQhLdn6LM9LqgVoEc8Sv1vw/Z6xaMlVFSqB8Lgd5ohZOR6Tj2DlcAj7RJv2afP1/ptW1vatuULGm5UkdIE1JgxBXGPWe40fCI825a4RKhrOWU4+rPO/Evhe/0i6qVa9HdSdjsZRxibl2rIBTO44HHSFi1ZmwFOZOdLqrprXzKPKWp5fXnPyhFZkmcz14HIjykRTjMDSeEaYNOs57N1+Q//ANpZeJ6fl+G6eRgtek/8rCCeFqJ/N7Hs7Nz/AMP9If4uqB/DVoV6NcZH3NIzWKiiinQPoDNxTHq4/GbPSVJs2pn9oqftExlD+8U/3x+M2mjN8NQHs4Mzfif1QVtNfzjjkc9IrK2alcFzzwRiW7Mou6iHsxxIE+Gvx0IP4Tj7dDrMD6I+RxuMfcKFs6BHTfTP/N/1klgo21qZ5HmGMuQzadwM7WGB8mE1GdMklHNVlBGQ3P8AGI0lwR1ktwrUr66QKB+lYj5ZjQ6EYGd/c+koHdAWJXC+0O09a1KofL8s7htYOoYEQI4Ztu3JznOZLRqtSYDcfeQWdbQXZ2emuxCchQc49oG2jV1PPIhtDUmbC5PEsqdUsvJzM3LTcx2zg0+pvwBJ10mqSOJerTBbIT+ElXIOCMTGXkv8amEVdDRtq5brCDQeimAMiH7sRruDxLjbfpcYpKlPc3Igd1SAG5R85eV6APKiV1xTIByJ1jCnaMf63TElrDa+O0jIBbaG4PeaZNHHPrOHh8wmnbmohyQMQZ1KuVPUSCRjlRgyJwfWLJnGyYDMRwEbgx4GIDgJ3A4iERMolVlUTocEyDHOJMlPjmQP95a6HpP5yugrnag6n1lWASwAms8N0npMrdMyybpVwvgezq0z5dR1PaVV94PvrQkogqp2x1m7sHyvJliqK/WbskZ28UutKakT5tF0PuMSKlYUW65++e21NNtbgba1BKinqCJV3XgTRrj4qavbs3XYciYump7eY0rO1Q9AT7y20+vRpXlNQKaZ6ZXiayj+TW1FTdV1BjT7BV5l1Z+EdCscHyWrsO7tM7XSvsFNVhxSb5LNNb2R8tSygcTtGnQonFOiiAdABJ/O56yX2k2mpUKa/qjMmGBBRXA6xfSB6w0LyIiQYL5+e8d5uZdonwDI69rQuaZpV6a1abDBVhmNFQyVWMKwuufk9ou73GnfCOvl/wBJi9XsalKg9CrQ8orjCjPUd/tnuB9pWaroNnq1EpcU/i7OOs1Kj5+a1IcKAYYNOpIma5K56Aek3Gtfk5vqR82xdamOijrM5fWmtWA8u504swHDFM8RQRoNHyLBR25I/wCI/wBJzxWNnh2wT/Ep+9WP84Vpy1n08F0w+zBGMY4z/OD+NFK6Xar2VkH/ACmT+xmsZFFFOgkthm6pD1cfjNjpP16q+oWY62/vVL99fxmx0Y7a1QHrtElT+oqlEtqdZPQyED9Ko94ZdOE1qr23qG/hGpYXNZqb0KDuueSBOFbjmnp8T/MGR3mV06uV42uR/ESytLKrTqugpuc4z8MivLC4+jXFPyXwxJHwywY29NR9QuUPIWo2Pxg77eWUbRgcfZLO+ta6X9Zlovyc52n2gtPTL69rFbe0quWPAVDNbTQAEkjEkCHIM1em/k11+6wzW4or/wCocTUaf+SllUNfXaHHVKY6zOWcxm6sm2K0HQ7rV7gLbpnGNznos9AtPCWn2ir5hau4656TSaZpVjp1qLG3pCkB1I6t852tZGnkjkCeHP8AIlnWPx3x8d+KhrK3ThKKKPZYNd6RbXK5emMgdRxLZ6J+sBxG7cCPH5pn7XLC4sTqWgXFsDVtiaifsnqJRNVIbB6jrmem1KIbOZkPEugb1e7tBiqOXX9oeo9568a5X6z5ryCuDUU7eYItZj1ki1j2ODOsZqquVIchgRIUQlsAZlxXqpUG2ogPvAWRVfKHEqGqxQ4MiulywqL36yd6RcdY36OwXBOYAo6zjDmOemyN75jhzjPWVEYp5MkFHiE0qYMnNIAdJBWFSs5C6tHPaDtSIgMJ5zJkq7uJGtItJ6Nqc5gE2VE1K6/ObnTLbYin2mU0xQK6ibixT4F+U0zVtY8DmWdNpXUBgiGIcHrJdswYHxOmriDb+Ov8ZzzJiukF+cT3iDwRWOZLu4mdtiPMi86DbjHDmTapvMJ7x6kmRosmUYjYkQSQZjF4nQeZLRIrc4kytiCqGLZEmAIEzjlf61ZBKsPWdNVR3gRds4Bgd9VZEK7jz6TpKzpZ/S6LVCgqAkdhHMtOpjIUj3GZgqPiG40+/r03pK1PcqpSH1iO7fxmjo3jGpuGQGGcE9Jcs5IzJtaVtPs6y4ehT+YGJ5/+VHSqFn4ft69Jjk3apj/I5/lNt9LJxzMd+VOqanhi2Gc/76v+h5jHy7y03cNR5RFFFPU4n0P7xT/fH4zV6M7NesrnJCHp3mWtiBdUS3Teufvmk0c+XqgTP6pEif0beFKfiWxq1ae+kyruHY4JnqFlc2lKmtOlSRFxxgdp5frFYUKthXPUbh/Ef1ms0i/FxbAZw9PjE8X5Fyk3HfxSW+2xR7cHdsTnvgSTfbO2CqZ9xM4Lp+BmPF2aYLHr2nHHy5ad8vHGha2tG+tRpH5qJ2nSt6R/RUqa/uqBM6mr1RWVMAhgck9oVQvKjVCCQcdCJ3y8nOPVeeTeXMXFQkZYNgYkD1H8rcanOZCtfzyAvQHkGRXq5rKF6Acz5X5H5Gsbnh7enDx+9UaCoXJwW9YzzFqAo4xkSFCdgz1Eiqu/mcTvbZhLJ9ST3UlMLgoVBwesjrWo27k6+kj8xkadNzkYzPR4PFzhzWc8rvcCtTOPeV18OMH8f6y1quGU4OD6wGvbLejynZVbszDInok04X3XlniC3W21msqDarAOFxjGZXZOJtb38ner1r1qn0qjUpseHL9B6cwSr4AvaJ/vVNvsnSVmskQSZE64M1w8EXmf7en90efAd0y/3mnn5TcTbIK/EfuyJpa3gK8prlK6sfYTN3tvUsbmpbVOalM4MpsLXxmG6ZpjXtUccQBFatXVByScCeg+HtOShSp7l+LHJhLdAU8JK1LdTcqx6A9D/SVl9pF1Z5FVCMdGxwZ6XRohAGCgHPJ9fnH3FpSuqDUqiAq3UGPib28eKZODwRGNQ9OZsda8KtbE1aILUvXusz7UPKbawhdq+nb7T0hK0u2JYLQVsZELo2e4f2Z+eJKA9NtibgHHebOzHwrKK1oCi5l5ZtwI2lWtAcwsYgKvhhiFI2YtIkZuJHnmdc8cRm4zla1EyESWQ0yDJ1I7zMbhCSLGZEkQZhUyCSCMUSRVzIO5izHinxEUElgdSIU5PSSOy44MEq1gBtg5rnpniWKKqVAo4MArk1M5M61XMiLgxUB1rRXcNgbugOOknoJ5fGSZ0sIxqmJz+rPQg1Md5kvyj1Q/h+guf/Fqf+R5fVa4UZJmE8X6g95aKp4RawwPsadfHh/qVMsvTJRRRT1uRyf2i/MTQ6VUaprCMx+IkD+EzqfXX5y50dtmpUWzwHzDN+rLxKxSxtmIziqVz9km0nUmtb+kz1MrW4JzwTHa7QWto71WqhTRqgqh/WmcLMa9NgCBTPaccpv03jdPVFrZAIPWTlxVTHcTPaHf/SbRUdvjUY+ctkqFDPJcdPR1t1mZXwyE+4lpYFs+YRgYwBBqLoxBOIVTYMRjoJ4fPj5LPvp3wuKztaQLoffmS3SKpYr1HWDUa/kkt1kguTcZG0DPecfH4rPFZpLl/rZIciJlzzEqFYm3Ge3HfE2xbOg1biBOxBh9Wm5HSV1VHB6T143051zzDEH5zIjles5ma2yOSscYzHvTWouCYAHIkgrn1iVLEv0ZQeTGuFXp+EjaucHmCvWyOoP+YienD3HDMyvcuCQ1N8fdPL/EDhtfumx1bp9gm8v6pQ4ZMe+//rPPrt6Vzr9RatQIhqYLE8Cbz1/ExWnhzQmuKq3DAY7DvN5a2QRRgkMPUQPQdMW3tFNvVFSme+ZoKFN14mZGqjVW4Pf17GPwQeeIVsx2jXpgzjnnpccbULU1qAq3QzMat4X/AN486kB5LenYzVqmJOlNSNp6HqJjHy+3S4aZKy0ain1kB4lzR02kKY+AH3xLQ2IH1RO+UVUDHSavkhMVW+iW1UHKbT6iCVNJq2z/AKPlBNAAItv3TH7IXCqSipK/EORCVUKuRCbi3z8SD5gSvq3C0eGadZZYxrR1Z+MA8wG6vKVpSarXrBAPUyr1zxNRsKbeX8dUjgdp57qWsXuo1jVuHyo6KDwJNK0+pePLhahp2ChU6b26mE6V421SsyLVo06oJxkcTBhwQGMv/DTB7gqzYweMRqK9QtNQasoNSkUJ9JY063HEqrHgALuIx3lmAMczNhKKp1MiEK8BRgJMlSYt01BfmcSKrVIUkRheR1GysztQ1WoScmRGp7x9Ucwc8S7Q8vGbj6xpYiRFzmBMz9oFeX1G0UNWqBc9B3PygOva5R0ewao1RfPYHyqZ6sZ5/ZajdavryVrusajBTgdl4xwPtmscNs2t8bxrhi2MBVY4mN1pi9gSf/OXPz2mael8NtXqdP0R/if+ky2qkjSwCOXuN2f8pE74zTn/AFSRRRTorqcuo95Z2DileoHGQHGZW0/7RfmIXRYrcBj1yIZy+tP4mNtUsK4pHYq1EwD/ABmasq/lioDhsHv3lxrI8zTq2T1ZTMwj7TgNwD1mLFjU6PfOlxT29N5H8JsaLPVpeaQCD6dp5/pJJAYN9V8j34ml07VXtrhaDHKVM5z2M5547jWN00CORjBhVKuQeuICODkdDHByJ57i7TJardg5GeYfZEkZmeosd+TLq1rhEBzJpdrYD1iJQdYEb8HiQ1Lkt3lTdF1LlVyBK64uMtwJypWyIHVc5MYpadVfecxgmB1/xdq1jqtxa0XpqlMjaQvOCAf5ysHjXWcjNwp9tk6aqPUgQTiSbeMzz7TfyhVkK07+3WoO70+DNlpfiDTNUGLe4Ut3RuCJm4W1di2BxxB6oyPiIPzEsdqkcSuvF2qR2Pad/F/lx8n1QavVVA1TJXAPBJAP28iea12NSs9TPDsTzNz4nufo1tuTHx/DjP3zBu4z0nbL2xis9J1zUdJqBrauwXPKE5Bno/hvxtaaji3vB9Hrk4H7LTyZTiF0bzy6bL+139Ji1rT33AYBgcg9DEy5Ew3gXxWbpPzdeVc1VHwFj9YTam4B4zPJ5JY7YOdDiSocQcvk5j1fMzjGx6VeBJAquOkDRuRC6bDE1zs+GtbdxImpMD0hy9I4IrdRJfF/xJkrNjZ9pnPFthVFv9MtSQEH6RR+M2jWyk8QS4tQyNTddyOCCPaaxtx9Us28bq0hXH6Rd3zlVeaQOalNcgdpp9YsKmmahVt2X4VOUPqvaVTVvKyWOAR09Z025s7UpEDaEwRLfwmxN0QFBMFu7SrWoteUzikGCs3YEwOlUu7KuwtqpTP6yzUHs1h9Tcxxicvtd0ywUmve0gf2Q2T908hr+INVe1NB9RqEFuVHB++CWVKre3dO3Q5q1mCgmNI9YtfEx1art0q3q1VBwzt8KiaO2qt5Y8zhj1gGiabbaPp1OippqlNPiYkcnufvges+L9J0u3NRKguHBxtpc8/OYuO1laDzMnE4z8Ty+p+VK9+klhZUhSxwuefvh1D8qVqwHn2FRT6qwMz+utdN47AyBpj6n5TtL25W1uGPpxK26/Kc7qRaWAQ9jUbP8BMzDJNxvXYATP634qsNKQolRa9yelNT0+Znn1/4u1fUcrWuiqH9Wn8IlQaowT1J7mdscP8ArNyGavqVfUr97qu+Wft2UeghXhsbtR4HRR/qEpM5Mv8AwsCLt39AP5n+U6aTbcM2NPqg/sKP4zNa427TbfAAw/8AWX9y+NNqE9GZQPumc1px9CoqO7Z+XEuLKliiim1OT+0X5iEqMOPnBU+uvzhWSCYYyXmo86VWz3pqfwmUpjcnympuwzaLULdTRBH3zMW/9jVXuRM1YtbAeStFjyC4/jxLhztvbfPG7IEp6BzaUT0AZT/FZc1133dm+c4btMqt9N1imbj6DcOBUJ/Rk/rcDj+MugJ5l4j8ynU82kzbqVRcMvuo/pLbw744GVtNVOMcCt/WcssW5W8RR1k6uRBrarSuKYqUKq1FPQqcwhZyrpEyvOlozInC49ZnQT1ABkkAD1jOv2zHeO9a8qzFhQZg9Q5dgCMAdszP6P421LTAtGqfpNEdnPI+RnTHFKl8e2zUdf8AMbGK1IEYHpxM0q5mo8W+ItO8QWlobem6XFNju3DoMdMzMo2CJ1jNOIxH0qlSlUFSkzI69GU4IkZqAE5nBUJ9pUazSPHOoWRWncr9Ip9CT9aa628SaVq1HFK4VKp/UfgzyVLlkY9M+sYlbD5756+ksSxofGF2W1FbWnUDrSGSQe5maJzzHVGJYkkkk8kyOa2zJo7dxOhsCMikUTa3VS2uUq02KMpyGHaen+HPFdLU6QpVHC1xwwJ6+4nlI6SWgzisnluUbPBB6TOWMqy6e706m4cHMIp8zzrTtd1fTqIe6omvQXANWnyV+Ym50u/oajZrc0KgZT1InLLHTrMtrJCYSlTEgWPAkijKdWEI+ZXoSIVSfHWblZGDBnSqt1GZEHEeG5gVHiLw1b63aMMBLhVPlP7+hniWq29zbXtS2uEKVKR2kT3+p5xrDDfDMV+Ubw79LtDqttTzWprtqgDqPWCvLGdTZimzkKTkqDwZW17n4sL09YfSoE0HrN9ROGlRW27zt6TcjFNPJ+cPKPSFKpTq7HpjjbwYLa0vNuFHYcwmqMVM7sYmtILe+ua4w1ZyjrgLvPBkPn0ltno1621hyuPXtBHucgrRXGBktAm5G4nJzzGg52yesbmNnR1gOAJE4eI92Rduwk8c59Zz4W5PcQI8xZnXAzxIz1hD88zT+E6ZcVWPQkD8QfxmYTrNZ4SU+TnsXP8A/GCtJqHx2C00wBvIyenHEzWqqFs6IJy2R+EvL6qyaPSQDJqqWJ9BnMo9QC/QBn66sgHy2tmaiKqKKKaU6n/ar8xDKmPOOOmIEn11+cLc/ps+ohnJcGoW0lwecUj+MzVMgOwz1E0lFlbSXUjJ8p/6zOUaFTzVQKcuAQJjIiwtTjTDkE7Txz05H9Jb1SSlk4zkVFldTKm1qWlNQHVmBJ+3EsWqbLS3qdldSZFVXiJjTFQBiudhYZ4P1sTLM/x5zmavxM2KdZTSB30wQ3dcOZku0lIsLHVLuybdb3NSnjsrS5peN9bog4ut4H7agzMJH4JBAGcyaabi0/KTdUaey7tKdwT0dDtM0+jeJdN1obadXya3enUOD9k8gYtRdcEcqQR6AxgqstQOrspHQgzPMWZPddS0mjqFg9CvSDo44YdR7ieKXVF6F3VoPkNTdlP2Qil4q122Ty6Op1wh7bswKtc1bms1as5ao5yzHvLJo2VNznmTrkDdGUgCOkmAxKG/WGTOsAEBjSfinWYED2lNoivfE50BOR16SRXycYjKgAPEI5vzOhhIsnJ4jCTnIMFE8GdCwYVCO8cKjesqDgRUq7ioAPVVEYQKdYHBAz90gp3DIwYdR0khqNWZmbq0o1/hnVWS8dWG5HbBU9CJu7TRxYVPp+kqWt62PpFsP1f8SzyjRqxp3KZ4JPE9V8OahWtkFOqSMyVWhQQlFz2jqS03UYElSngzhZ7dZTAkkAkoT2nSntGjaMErJQGcfDG7MwmioUCYvVvP8Nz6VOmwA3dY56K1EZHAKsMEESSNWqpbbnmbtxw1LWbbXifjbwlV0GvVqUd5ta7EptHA9jMK9HB2kc5xPpzUrC31CzqWtygelUGDnsfWeNeKfBF7pDtXSl5tvnionOB7+k11JdVGFZqljWI4J7zlW783OFxmS6hbNSqbX6kZgOMcTsyWeesZU6iPOTjjEY8BmYgcTk6PeELdzHgxh29gZwGQTOysoxxjrITH9ZwrA5T6za+FQKVqjuPhDBm+WT/SZ220jfS31Ku0kZ4HSajRqDUbVqPDFVP4H+sAvVgxWzt14zRVT9vWUmquiDyBy24MfbA/6zQavT//AFFR+ygxM3qnx3NR8YwwH4/0mokAxRRTSur9cfOFP9dT7QQdRDCpZFY9xDGS402mXtB6EOMfZKrSV/38FznahAHpLjRzm1x334H2iVFij09UdW6gsD90zVgmtbEPdV1yBvGPtH/WGOirpGFO7BVh/DMiruQnlD9dhnj2EnoKamnFW/ZmVqu8S4y/JwaJ/wBUye0cZIGf4TZa6pahSAXJakft+r/WYxhwDISnoi4yT06jPX0xO8gcGc3l1G7qBgcdp0tg4A6cQqAlmcDP3xp6yV1xzI8DOZA3vCFXcJEMBs8fKSqSegxKom2HrDvLTbmB24JELX0MAesoXmRdVMMq0PMGBAnptTbaYHUAK9ORI6hkqoaZ56GcbBOAMwIdw2njmQsRjGBnOcyR12sQeoODI2Eo6i7zjt3McFIE7SqGnTqDs2JwvAcCB1HMlXhC4IyD0MjonNRQRkZ5k1xTphiyuCD0EDtK5qefTqqAGpnIE9O8O6j+cKVOvj0DexnlAcryOsv/AA5rr6ddrvb9A/DD0MqPc7KoSo5lhTbmZvRtVoXVFWRwdw4wZe06uRxOGXp0iyTBEk2jEBSvjgyX6SBM9RU7bUGScSAVwzYUwa6udwwJBRqFTkz5fl/O/wDvPFHox8X+Ol1Rqbk56yN6I80ODiVy3rU6n+EwtL5QRu6GfQ8sw4lzefG25ag/AK4PSQVLVGpMgUFWHKsMgyZHDKCDHTrccc4z7jxv8ovg40ao1GyplQT+kQdB8p5nVt3QkspHzn1Hqmm0tTsattV4DjGfSeB+KtLr6NqTWVxRB5O0j09RN+OXGatL7ZBjjiRnkya4CrXdV6A95CWnVlwjEQnMxQEYhF1nQIQ4RwAKsSQMdvWR55i7wq3tdRZNPqWwyWqHB44C/wBZqtCU/Rk39SVB+3aJhrdv0i5m/wBMXaiDp+lX+DQlc12sfzoCnGzOZRXoZqFWoennKPt2ky01aoKmp1ABw2eZV3L7rCqD/wDuR/pMsZV8UUU00Q6iHISyBfSBDhh84XRYMOflDGX1d6OhSg27s4gpZLbX6/mDhj8P2wuyqjYyD/DmBa4pW8pv0LoCPsMzSCrxlLYUjh8H7oRbAfRmA7IfwlDTr1GqgPnkk5l7Y/HbkY/UI/GZWgdeGbSg2dp8th/BZkyg8pmbJbos1niAeZplFvZgf+Ef0mS80igwz8X1R8oIif4TtK9BHUkNRgoHJjMM3xGdyw+NTjtDRVTjKEcg4MH5kzDKf4pzaCgGOR1Mgj247SejTJAMjGcjPQQ2lXolQO8KkpDbCEO4iDs4yMdI+k4DDECxpJyBjMnOn06qZYDMjouMAw+k429YAQ0EVOrGdPhzdwHGJbUq2TgycVlXgSDPv4UYjK1BK280G7tvjC719pt6bqe8ewWouCBiYvk01Zt5qVAdwVKAt8KnsJGV2mbbVNEoXVMlBtYdxMZd2lWzqlHzgdDNY5zJNGrU2A46niNHXnkRuRt75nVOZtElQ0zUJphlTsGOSIlb7o6jRetu2DO0ZMRQAQi30HX7nSrmmVqM1AH4kJ6T1nQfFmnakNlO6TeP1WODPDVJUcSWjXam4ZWKkdwZLNrK+kkqbhkTjVDPGfDPj3UdNuKdG4Y3NtnDKx+ID2M9V07WLHV6Aq2VdauRyoPI+YnlzxsdMasGO9feR7mUYxOBtvWIvnpPl+X8TrPvG6r1YeXU1XC5PWNLkjGZ0k45kZOJc/DnnhxlfS454y7kWVpesi7WPEOVy3/f4mce4FMFmOAO8y+sflFtdOqmjTJquP2e09fg8eeOMx+uOdx+vSK9xQtkJr3QAHcnE8e/KXrel3F/Sq6ZcNUu6fw1D1UD+szeveMdR1pmQ1Wp0eyKZnGZmBDGe7DDX1xtcqOzuzMcsTkmRmdG7ByYghKs2RhevM7MOToK7Tknd2jYh1gdHWGfQqopBztAIzyZDboMea3IDYlpq9Hyq/6MZpkAjECnejURuRxOmm4UNjgx6hiScYxJlOcIeh7QhWCB72grLuU1FBGcZGZv9PVHW0Ck/FVBOfkSZhLGmaeq0l/ZcE/Iczf6Ug/3XbyEV2+5AP5yJkrbra+pNnoBj5mVd4g+ieYgIU1SD8+YfWwb2oS2COg/jBb+uo01KFMnZUqeZz3I3D+c1EVcUUU00QODmT0XG4kyAcmSIFGM+sMZLrSH8zzjnOFB/jOa2jPQoVR1XK/zkOhk+dUUdChlhqag6cTj6r5/hJSKlVOylgc4l9pwyikDqCDKGgtUrTqAHGOPlNFpoGwKDnk4P2CZWq3XcnSqeB+scf8AAZjabinUxUHA56TcayNultn6yVCF+5hMIylsv65MiQipVyD0zxFt/ZPJ6iOVt6DIyVGDJFo7ESo/64O0D7vxhsMGycDrJ6VtXq0yUosysOo7e8P07T0ub5VqHC9c+s9ItdEoUrHCoOnYQWvI6oC1XTGNvEYmRzLTX7T6LrtzTxgbsj7pWsMd4DxVJktOp8UGEcrYaFXVGplRDadQgSnt6kNSvILOnVI7yQVyTK5K2JMlTJkVa0asJWpK+g0KDD1nDKNROW4lbqWnUryk3A3QpqnPWN8zmeebl239YO7tHtq5puMc8GR/V4ms1ewW6pFgPiEytWlUpEo4OR3nu8ecyjnZoTp9SklY+YxGemJFVYDcFIOWP2QcZByJ3t7zoychH63ERbnic7TuIRJQfbXQ9JYWOpXWm3IrWtZ6TjoVMCAHlD4QPeNIb1kHoNh+Uq8SkBeUUrMP1gcE/ZC6n5UrU0yBZVA47Znm9Gg1RWqFgFUgHnk59JCepzMXx4tdVvKv5U7rzP0Vku3/ABNKu6/KHrNxwjJR/dGZlj0iRwjqxUMAckHoYmGP/DdW934r1i9peXVvX29wvEqCxY5JyT3jC2TnGIszckibPzGk8xCcMDhnCeMTuCeY0yhR9IoKg8wkL3IHMZOSByVGpn4T8J6j1h9K/ZwA4BT9k9pXYkiDCj3gGNggciQ1K4D/AADpxmREE943B3A9pRYaU2b0Mxz8Lde/wmei6cpW2d+m2g+PvA/lPP8ARwK2oO9OmEUg4Uc4yQMfxnodEGnZXDNwfLVfvJP85KxfrO1yRc1XAz9Y/YAZWX6sjUkPG2mOJcPha2SBtwck+/Eq9ZOdQbBB2qBxLFgGKKKbUgCSAOphIo+X8JdW3Acg9IOnLqPeFFCtMcdTDGQ7QlK6htyCCjD+Es9Twmk1GbgFgBKzRWxqSDHJBA+6WepW5uNHcbiNrL/H/wD7M1Ipkdhb26hwBnBEvtNfCls8Aj8JR1LfyqCkc4OB7y4sHLM3w4DKOPsxM7XZasqPpzlui1lz/wARH85g7il5DMoYNtYjI7z0DUio0++plA3Ix7ZbrMLe21U3VXjgt0EoHVCaRZTzJKJcqqt8SoSQP/z5R9va1gpypxCtN0+tWrEbDtMNJdIFxV1NHpLimvBA6AT1rSVL2Sh+0znh3Q1oISafXHaa63oeXTwBiNJa82/KHpr2+rJdKnwVV6zFOvxdJ7trelUNX05rasBuAyjdwZ5DqujVbKs6YJ2nBkbk9KXYxYKoyT0E4AVfBGCO3pJW3o4ZR8SnIjQHeqC/VmySfeAXbgmTMrKMiSmg9k+1lDc43DoeM/zkhqqV+JIAqVmLAEywovyIJsSocqJNTYrM0WiVMLHeacdYCKpA6GdNScbGxLVyO8dSrknmAmqveOSuq9JNLKtC2U6Suv8ATku0O1cNF9MHrJVv1UdPtmOcpfTW4zN1YVrRiKi8esgp0qlZitNdxALEewGT+Ev724W7QoR1lLWomkxXpPVjfXtzsQjpiOB4HtGToM2yl80dMTpcSGdhEocASEtzOybyFXmpyPQQBy0Qxhs56cfOPrFMhUTbjv6yOByO2MED4O0nAMe+wKqqvOOTnqZMxK2QXOQGBAx0gDRGLdzLTQ9N+nVy7geXT556Ewqvo0K1Q4p02O7vjicqWtan9amw+ybUrQpqEVM49JHtSoCpTEuhiMZncSw1aglC7KoMZ5xAlXMiG44jl7TuO0kROkBjcMeMRm4kn0xC/otTY9VgAFHeB7TCLzw2oN31x8SD/mH9JvKrY06p/lB+4H+cxXhmkd6sVO01FwccHG4/0m3rqBppycZc/wAAB/KQv1n71l+j00ByxAzj13f0Eqb1hUeo5UKxcHGOcY/6S0rpuqIAD9Yc/YZW6iFD8HLHGfaWICiiim2j6IzXpj1YfjLmjarVJpsOcHb8+0qLUZu6I9ai/jNFZ0yX39s4HzkYyD6bS8vUqTAdHlzXZV0+pvHGf4ytoIRqCDp8f85bX1E/Qa9M9QR+MlSM+zFsccKDLSy+uMDjbA0pDcB74h1h/bkds4mVSX4DULoYHNNT/ETMVcmryBNNqAPIHRkIP8JnaiYrEPwcZlQfplut24phRzNnpHhpKKhyg+6Y7R7gW1wpPAz1npej39G4orhwTibjQihaJRXAUTlYAdIVVO0ZxK+5ulpYD95jO+kxnv2SgOcZ5lH4j8Prc0WrUk+PHPvLamw83cvQyxVkrLsPpPJ3ZXomPp4dVs0p3FSlUQhweJC1sg47z12/8B09TZq1Eoh95Sv+Tq9SoQaQqL7NO2OUrNjDUy1SktM5YICQD24kahqqsKtHZyMYM1914ZubFajvaGnxtwATKGrZVqZO6kwE1tEVGySmoYr1k1ahSpAZUDcOJ2nSLADccDsZJVti4UA7sCNED+Wu3PEiqU17GE3NMqEABB5g+CeoyZNLtF5K94hRpjkjOJOEZj9UzhpMD0Muk2H8hGYkcCSC2U8CECllek6KfMlhsD9HUHmB3dpvPtLj6NlskxlW1ycRIii/Nqkcnmc/Ni/tkGXZtQByI5Lb2E2ilbSgKSgE7s8n2jDpxUfzmh8g9OI36AzMeRjHeBnzYOB1kv0XzKag/WHWWz2ZUxhoEgDgbRiVVP8Am0scnJiOkVuq/dLhadRTwciE0xng4hGfXS7gcr1IxO1tNuFprT6knJmlCc9JEQzgMtNqLDI5OT85dDLtp1YHgZl5o1N6FkVOQSxhaWxeTJbuqEKuSOcesBo6R6n1gq3tHOCcEdQYmvqPCodzE4xNKqNXpPXufMT4uxAHSAJRqBuVM1ZprnhRImpLn6omaM2KFQ1D8BA+UnSkwABQ9czQU6ad0En8qkV5QSaZZ2uj1q5CAkY4HrIKenVajsp+Ha2CDNH5KBtyqMidp0l8zJUQp2g29WkadJslFqNt9PqzTX6M1nTQdyx/5jA9OAIpL2XJEtLkfo6K/wCGRL9UFZHDKAMJk5PyA/6ym1WiEAqdy2JpnHVSOBulJragWNPC4xUAz9hm0UUUUUrSazOL2gf/AFF/GamjTam1JRgg5YTL2IzqFsP/AFV/ETSlijlQ31eAT2kYyR0G/wB5So37WZe3HNC4J53L/MSlQBKgPUCag0rW5tadMNsZ0w5x049ZKzGUq7TXLKOmQfnCNOby6uWHXPM7Qtw1xXphwypu+Id+TOoCgGR1wRMql1NThcHsc/dM/d5NZcnIKjBml1FTingdQ2fulBc0iUBx04liwMHbgZljY6rcWZBRzwZXUlAPxcj2hFOj+iLE/ZLtXo2keKrXUqS0qpFOt0we8Nu6K1gOhHqJ5Th1YMhII6ES40/xJf2LhHbzU9GmMparcUVFL3hNNxnPQyo03WrbUkyrBKndDDxUHScLi6yryyrtkA8D1li93TRR8QMzVKsyjAMkNU9zmcrbj8bn+l/9ItawxUAPzg9xpekXanfQp/MDEqPOPYRy126ZnPL8m4/x0nil/oe+8DafcAtb1vKPbiZq98K31izOKPnpj6yf0myWvUA6mSJd1BxjInly/wDSmGWsvTc/G3PTyS5SpTqVPNBAOeowRBaBXgkZM9a1DRNP1WmRWogOejDgiYfVvCV1o9U1kpmvbDoy9R857/D+V4/L6lefPxXBWq9Ir0GZxmpDjAMjqCmxDKCB3EatNct1Ge89enJKduOgkYCZjDwu0k4kZU9jCJm25wJw7M9ZEAe8Wwd8ma0JtiOOojCijpIyFxgZBnFG09TGg5gVORHb2xGZO6OKljxCOHBHMiZOY4tg4jTknrLoN2TqYU5jscdZzaTCnByTwZ0nPWcWmR1jyuMcSjiE7gowCfUx61yrAg8iQsMmLEghr2Vtc3DVt70nYYYLyJNQsbSizVBl2znLes4y+k5kr3lNk1Qg8SMuTJNuY3ZzxAktkNQsS6oiDLMxjt2VkL0XZQEO3B9OsmpIQoDHJ7mRHaZyQI5sB+JJTp7QXOOkGbcXPcmCrzTfrp7AS0vTtdR6KBANNpEVMdcAQ+9G+vj2mf6l+q9yNpb1lLrxP5spjHBrD8DLuqpFI+0pdeGdLpseor4/gZpWdiiimlS2hxeUT6VF/GaasAanHOZndMVX1W0RvqtXQH5bhNhWswN4A5U4X5TNrGQHacA9jNBQxUtdjjrSHT5SoNILQTno2MfZL62Qta25AH1MGSsxTik1Co5GD5nOR7xOv9mCOQuP4mWFKzqOu3C4HPPpIKtuadZQG3AjnjpMqV6v6Kmcd8fwlTXt91FwOomirWRrWakuqbT1MBe0bLIhViO/qJqNRmvKL84+qMyQcKQT1Et7bTqlSsFqIUA657wq4tFNE0105Oh+IHDQ0ziAd4QtGnUolicMOkT2FzTbHkvj3Emp29YIR5bciVA9rVa3uUqKDx1M2Omagt3SHPxDrmZJLS4ZiopnjpkS+0LTblam9sgZmMosrR02MmznrGJTKjpH49p5s3aX06DHryZGo5kqDmebUrrKnUcSakFzzIR0j6R5nzvJ+Jjl5N5O0zsg9KdMiEtTpPSK7cgjBB7wNH4hFOoO5nqxwxw/jnlusX4m8JGmrXthTG4/WpjpMUyMhKMCuOoPae2s6OmCRMN4p0BHqG8tRhurqB1nt8fnksxtcL479jFKVLBSBOVFRcKMhod9FRCDscn1xI3tCf0j5IPQ4ntjiHt0ouWFXr+qPWONM8HYo2ngrONQPvj5RLQcA7W+yaHWUVUBbGRnHEj8tFYB1OT7QtKYFBS7gMOpJ56warUNW4LDOP1c+kIVREZlVQF47xoQbgDwCZ3aag3ZO4CJEPnU9wOC0Kjr0QtRgpDehHeQ7GB6Q+4oYL06bdOuZ2nZ7n21EyuM59JRWbWB+qY4NggYklUZZjRVgMnCnkjEbTXdUXd6iAi2Z3IwCW5Eke3ZXamw5U4JEjK5wQOBA5tzEVxwZItN2IA7nEKTSbtrdqzhBjnYDk4gAqoIIzjjrE1IBsZz7wlrKqFLopKDueJCVJhERp7RkGOobQx3Ac9MyRl+A+s4lIs20KWY9hA4Cozu/hG7lDHPHvJPK2kqylWHUMMGNyQSAvHQyKTFtm5mG31jLSotW5VQD7GdNg90wWmKj4HCqM4lppOieTitWRlYfEqnrNetIuLNG4qlMBjjPrFdVALsADknEOoU1IA7ZziCV6G69V+wInOfWQ1Vd6noMcn3mf8AEIK6Wgxx54/0mae8oZ5U/EoMz3iSnjQ0dvrfSVB/4W/pLGmUiiim1F6T/wBsWX/yKf8AqE3V0NvmY+sCeswuk8axZH/7in/qE9AvkCszsMq2MDPXiYy+sZKwopp0+fj53fymk06ju06i2eeRKRQnlHNL4icA56TRaUuLJB6GS/GYjS32Usd+8Fr2wFcY54lvUUYwF5zIfo5Z+kypqKTboNo4OekEuLFmbcm0fbLgUhwAIyqlPPK8y7a0oxYEKSxy3b450WdQDqfseW4o0yc7I40KZ/VELtTfQHYZO4/5xOfQCP8Au3/4hLg2lP8AZnPoqjopkFN+b64IcIcfMS5tHdKQD0wv2iOFrxEKAHeAUuGGciIgesgFLHTMkppzOeWO46TJ0JzJFU+kkRMCSqmZ5v16dJUYBxGqxUwry+JEyYnn8mFnuOuOWyFf1nRX56weoMRqk5n538v8ryY3W3rwwlHLcQumtKvTKuBzK+ltGNxhlNkx8JnT8L8jLe82fJjPkUmseG9pNe1IA6lcZmcqWlVmcrTZVBwF2megvUbbiA3FtTqgtuIb2n3PF/6OEy4rxZeC2bjEi1r9PLP/AAxNZ1TyQo/yzUujUuPMce+JCN4fi4b7RPsTLcljy2WeqzLWR2g7QWJ6bZwacT8WymcffNTtrsciuD9g/pJNt2wxvpn7v6S7qbZKnp48wA00XPUySrblWClFdVOF+U0/0e6b4iAcdPiERpXGPipFj81ja7ZM2uW3mmCenJ6x1Wj+iKBF+Lg4PM1TUazf+HP/AAKZGbdxjNmDxjPlCNoydO0Rmy9EAD0jzYUWBzS5PeakW/GGs0z6+XOi25BaxpkeyS9Kz1vp4r06qrTG05Zz6mBHSrdVCpu4zk+s17UKK5IssA9gpjPo1t2tMcd0Ijo2yKaMtVwqM4PXpmWzWopqNm9BxkrxnEtja0MjFDafZWnHtUXpTPX1MnRazl/bG7ON+FHTjmAtpIPR/wCE1z2to3ApNn5mRiztscKffky9JtlBpI5AqdsdJY2+j/QLZq3nYrM2Ny9UGOn2/wApdi0ts91+2T1qNCtTCtXZhnOMiToZe/tKdyabrULVduKjt+sYMulnHxVBz1wJqmsLQHCuSfmI02NDHQ59OsvTW1Tp9tTs6Z8skMTy2eTCiu4Zlgml0qg4qBPnJRotQEEVVYCS5Rm7V1quO/ecZcNn3lmbIITxyIK1D4uekm0Dmnmop68iZ/xoMaDT6f3tf9LTW/R+4IHEzPjqitPw5RO7LG7X7tjSyrPrz+KKKdGxmjjOt2I9bmn/AKhPTLmwNfbh0CoMfEcczzXQ/wDt/Tu/+9Uv9QnqFwiqWqu2FVskZ9pyz+sZhhplQBSXpkDoM4Ms7SmaNAKSOueDKmldCqKrV2C5wUUHOBLSwxUt1KkHIzk8Yi7jETFuesmppgZbvG06G5gWxt9QesIYZGFwZG9BapIBwSII6tnO8w9qeOokTqoHMk+tbDrux9YyRQ2OpkfmAsVC4x1hFNqRTJbmbQwk+4jGrbf1zJHKt3gtWkT9Uwp73Ix9bMiNw/UZ+6DNSfkfzjlpMBhnbHzgTi+qAYP4wm3umbGZT7XStlSGXuMwqm7bgQSBINDSq7lhVLkSmoVsLyZYUbj3nHPF1xvodiMqLgRq1sxO5YdZ4vPbjhdOuHug6xwZEG5j7jC9TB92BkT8T58s8s7K+p45JBa/EJKoZRxmD0Nx7wrcwABxOc8dk3fSZOio/SSqu4ciOt0DnkCGfRxtn1vw/wAby+TD9jz55yXSrvVUUGcclRnEpTcZJz8M0tW2RwynvM1fWj21wwzlT0n6j8Dy5XHjL+PD58d3qGC7IGVaP+l7lyK3PpiCDeP1RkReW/UIMfOfT6eYat0+QDyJ1dQFNjhc/OBhaw5AAPacFCsCS5znnpGweNUYDAPM6NZbdhlHPQZld5TZyQAflHm2Xbu6H1Eeharq1F/r0/uMkW+oP0U4+cpKdRQwQgK/t0MlV9rZzMi6+kUSOMiOFZPc/Myp8/bRYBsk9IOatVQCMmBoPPTHAxF5tPrn75U21aocbxkd/YwwMT34gE+fTzzmPWtSz1/5YHt9otrdmkB2+i3ZT9kaWt1OCqD7IIpZW+Ln5yO7plE3ZBz0C8x6FgptN2dtPPynWqp9WmF+6Zx7tqb4CncO8mt6prJg53Zl1BZ1a9tuxU8on3EfRr0nJCUwABzAHoJty45ipKE4XP2mLzRYM1IuOQAYNXtdtU5HEiq0yw64x0xJkqGtRwc7k4+cxZP4rtOkqrhlmT/KMiL4do7R/wCMX/Q81YORgHmZP8oy48O0D3N2v+h5cfpHmsUUU6tDtC48Qad/8ql/rE9L1lHa3IIOGcEY74nmmhca/px/+6pf6xPWLogowpYII5E5ZfY55s9Qo/E28FVHUdzzNFpKbqBJQqpPwj2lbp9it1VIIJTcC0t7O8o1bmpSog7KK7Q3qe81l8c8fqxVUxjGBIvLUtnb9slTLDgR2MCcndDUGF5gdYZhlXBHMFqUmPCmWIAdmA5+HPf1kDVGDjY2Vx2XvLDyG4J+Ij5SB6DJ9WkMd8dZRGtQ7c/wxHfG4yoJjPJYZyCc+xjWWoQBkgg8ERtdOVUdTllxBy9TqCZOqVmyGG5fUmda2I6ED2lAqN8RMIpDIzjEaybGCquSfSEU6ThMlcL6wOo5WF0rgDrAyrA4CnPtOgP3U/dM321Ktku6ePrR6VlqHip9krUo7iuEbn26RbX/AFc8e2Jyy8cymq1M9fFjVTd7yA026YkC1LhMYMn+l1QPipgn5T5Hn/8AKxzy6lerD8jX1JSZ6RzjMl89m7QUXvI30iM9I4XSEEspAHpN5fg3LxcZQvmly2PoVmHQ4hK3NQ8bpUi8ofqFye+RH0r9Qfqk/ZPD4/w/yfHZ48fjpfN47NrlMnqeZUapsatjqRHVdRrFCKahT6ytqVGcgsSWPWff/H8GXjn+nj8nkmXqOeWgJO4nMQpYI6kHrkYnCxHTEcr9uhPeex53GTn6xAEcG/x5+c6GO7BGYshhlsDEB6sPQGM8xWDfowAO5nBUbONwx7CNC5ZmYn0AJgdamKgBWmOO4PSdVRkDA57mJAD8SvkY6Tvl1CcqFx7wHtZmr8WVTjpmQ+XXR8hM02PUHp9kIpU6uMlkA944XCU1IYjn07wGU7hB8JpsuenEnBAHH3GQG8t6mVZhkdm6D7fsnPpHxZQAgDkSqLV1zgmSIAeCvHrABWYuNwyMc+0lWpyACQB6mRBjKvcAxir5edrYB6iDm62nDOMdjG1azBQQRzzkc8SaCrWiMSwAzI0phGweCe+Imuyh6ZJHGehjt3moCSNw6yjgqfHgjf8Ayk6BTg4xB9mSMkrnnjtJ6QKnaTn0MzQRsUqOIxFC1uOhkqnAGTGeS7NlBwD1BmdKelrmrk/U6zJ/lPpbPDVuf/vF/wBDzdhU2KB2GJhvyp/D4ftlz1u1P/I81jPZHlcUUU6tDNIz+erHHJ+kU8f8QnrNG0q1WeofhXGT7GeT6KQNd08noLmn/qE9oQmlbsW5XJJmMmMldduml6eadIfpqi8nPbvBtIFVxUZQE3p+j9ODIrqs15cMalPap4BB6CGaeHtqbUmw6pTJB9IYFU1vkALVCqZxgd413vi5UOwHuROvWa3tlXd+mb4iSfqiVlWqxxgnn3mdWrujit/kncdvbJ6zv+/ADJPPuIGrMwy+SB7mMqVGVgefTrHNTdHbb9jnGT8xOYvuemR1HErxVqMTgsTjjmRh64BYE59zHNN1a7L3q1M/dFtucH4Tx2xK2lqF2n67HHbMe17cAHcrDPXJMc06o5fpQ+Hyzn92I07wnLU+vsICl9V4BBI+Zk7XSb+KdTHTrzmLKnVFpRuf1aQ+4Rwp1yStRSMdgsEpXYYcVCh9DxJ1uaqNxXIJ9szNlWZUsVw5Coxx/hjttwBk0nx8pw3NQKXeow98RiXTFdxuPhzj6pjVW2p/0nA2EEc9DJKSVGyWpscdBIBdFRuNRsdAcRpvCp/tSM+0mqdCAlYDmmR98cEr9WUAY75ghvT0Z2B9dskp6iFGBVYfZJrJeqJ21GUDAJHbdIyagLZp5C9ZCNVIzir94iOrEkqWYe4Ec5p069VTj9Fn5CSrVCoTTpVOB3TiQjUARxcMgHtEl8ob+3qn3m/Z3RFJ6pcFaDGP2kfWo9e/BxB11MBs/SHHzEnTUQcfpUIk/wBJ1SC4G7YMH2EW6nkAU25HPA6zj3zMRtakftnfpVw3RVPyYR/pej0Kq2WDouMfVEaKlLdsIJHc7RGtcXHem34yA3Dbsuhz8pd06Et5ZYhU4B4JUZncqegBx32SGndBeVQ/dHm74wqOO+ccRunRxTIyqqM9fgiJp5wwXj/CRHpdE43IST6ScNScf3dzn2k6OgZeiM9P4icWla3JwwUY/W3dJOaFJzk21U57HOI0W6pnFq657gHM1MzoG1lahviD5B7tHU6VvTIIpg9sljCFoKD8dKr9vEd5VBQcI5l6XaLNIdEp4+ckyjLnZTzIyKAJG1vtnd1PHDNHTO6c4psAPKpnElosVyFpUgGGDBiU7RDaeCcCXo3VnVs0FHGyhlfQjmCrSUDG1OsHWiKhx5hPynTb0VJG8zNyjWxJp0852rn5SVFU8BFgBVV4VgR7zmP8QH2x1Day2r+wCBH02OMKoyfQSrUPTO4sSvsY4Cr5galV4zzk9JNw2tlqY4bg+hmE/KnWzplrSx/34b/laal61ZKS5fed2Mge/rMl+VMYtbf18xfwabxXft5rFFFNtiNPLDUrUoMt5ybR75E9Z/OHnadSqZZlK4cp68TyO0qPSvKNSmMulRWUYzkg8TVafrd7RFSjc0mDHBVaYxn7JmzaWbaNTYVG3PUr/u/DgS7sbmxSi6ork7eS2ORiYi38X0rWsWqW7qMchlBzOnxxSr3IFFfJ3cZFMcTLnpra9a3qlndqoJ9hBfItSwIr1AP3Qf5yro62takPN3IM/XKDLSwo6hptP64ZlHU45k601MaK226qcXDD32f9YzyKW3Ir7s9iv/WE2+p+H6yqPrA+xh9IaFURecKeoOekxfKswqoajR3AG4C47YiNCgVwtdcZ+tsMujT0HJAVcdviMY50pEIpBMe56yfsXiqf6LSYjFdc+gBjxQ8xgjVcAnHxEiDXt4n0kikaSLnaNx7yO1vxVcLVq0Tn1XtOm2dC1tgpKiqoUnoc5jjp6/WF1TJ64ycwymmmqmWFMEjrmJE00HgoO2S85/ti/roL6EjE/HTU/vGPWycAEXFP2+KWK0rCpj40x67oS2m6WUB8+mxPo0v7PRxVM1hVcYNxT+14m0+oKYVatMnOfr8S2/N2njv9m6Q3dvZUae8Ogx2ZpZlu6Tmq82FYjO9MfvCdbT7ipjLoxx+2JIlOnWDVfMpbFHTf+EKt9PtrmkH34J/Zabu57TSu/Nty2DvQ56fFJE0e5IIKAnp1luml0KY273GOR8fSKlptHJPmnI55ac+15UjaNeLx5QPyMX5pvNvFPnPTMsNQX6Og/T5Hfc+DK8XY2rQ31ACeqt1PvOn+tbTlz813vekQY4adeA4NBj9ktLS0VNpF059nbiTXnNElbgqV7o3X2mZns40pfzbdls/R2H2R4sLgKc0Wye2IStxcknbUuiT0IYHEJo0buqu9ryoo68jma6qaVh064Zzimw4446yM2N2hB2MPkDL1BcBMJfb/AEyonRTvWXP0tA3rt6ydLyplt74JuVXnd98oztf7RL5Eu1okGorVCODjicY36qSXo7ugyvAjZzFE93fIcEMP8scKtw1EF8kkdAJZVa1wqbnNM7V54zzIV1VVwgeiBxklTkCXacgjXrhtqqVKjP2Ti3lyxzveW6XfntUFM0WAGVPln+M4TWYbvIoEgdRJunKoNzXwMVGHyMcl1c7htdmz+rniHirWbj6BSGO57ydUrEjbZ0m7MQvSXZyqq17eUn8ssVPsYwateAcVcge0u6quiqj2COTzuxxGbqQUL+bkIPJC9o2cqpdTruuWCk57rJRenHNJDjr8MPVKAqEtYgA44PWKsKKNvWyY7s5GeY3L/DSta+XA/QJ9k79LQKD5KHPuYeq2NRd1S0dBnHPrOVKFoqnFsSAf2o9GgtC+TnFugx3zJDfUAMm3Qg9wYx2sQuPJqjPbEfstNgWotbYeRJqCN76zI4oYPzkf0umDjy1hDpTwSDUCheAFU8SNltPJRKtWovw5QMvGPvl1P+GjRWps4Xhc+kf5tGl8NVCSP11M5ToW2/cHPHqhhFC0t6pKipuI/bWZul0dSWkxpbWJFQ9fX2PoZjfymszWVPOf7wvX91puqNK1pV6aq+CoyRjhjMl+VVrY6HbhCPO+lLke2x/+k1iT68riiinR0EadVWhqdrWZQy06yMQe4DAzeL4n0xyHazUFTglSQZ53u2/F6cx9reqlUGo/wFuk3jrStNrd9ptYl7ezRQRxknMrNKraYt2PpHBPr2lldaWdT8PLUt+ai5ZGAxmYmpXc1qnnArUzzxic/V+Gnqa2llWoCrTrA5+qOox7ztOwphwVqIMjpnrMBpHiGtZOKbENRJ5Bm/03UbW9pCpbsGA/hPP5JcXTH2sLfSHJBV6Kk8gFsQ3831aWAXpk+zAwIVlK53cyGpct2Y4nnuW3STSwe2qZCcZPAwYDd270wQMBhBKl8w4DEe+ZXavflLCs5qkMFPOYx+rWeuLDVKtzUqbSVLEgg54+yDrZ6sj70psuO/MpPztegHbcVB8ml14fqalftmpdVPIXOBv7z2+pPbzyeyxqm/IaqGHU5MjapfeYSXrls5JLHmbSztKqUyPpdXDDDDf1hVNa9I5pXNReMY3ZnK54unFYcX9/RVB5tcAdAHIjqWqXaFite8UY/VczetWuKoVa1QOo7FROtQt6pzVo02/yiZ/ZIcVldE1mv9LFMVazhyOGYmW/iC9q2tsma1RWY8ENjEtaVG0tzupW9JWHQhZmfGGvtaVKdJbWhV3AkM6AkfKWZTLL0tnOKnW6fdg163/+Qz0DS6xNrT21nICjknmedL4ucKqiws1YDBPkrz/CbzRdbLWdGqaFDcU6bBia8m5GMJKufpFYf9433yNr2qoYNk5/W7xh1rC4+iW+fUpAbvWcgk0KS/urief266U+uazced5SVHHfoDALLV736Uo+kVAzNnkCV+seI6aXmw2lJ8d8n+sk0jxEKt/TQWNJQF65M9M3MduX9bL853BX678+sF1HWWt7U4qNu46ngzv5zLrkUUH3zPa9rXloQaVOcMb/AKbs9CB4prKQorJRIBO5Qcn7JodK1ys+npUr3m8sM846Ty8a7UDEimnPqoMsLXXq6UVIKqO2FE9GXxyx+t+PE/8AvLUKRY7frHbgQpdarvjbUIx6zz//AGirDDFgx9wIXT8TZxkj3yJzbsejW2qVSDmocgdZy81Rwik1sc+swo8Q8r5eMMOSG/lFdeI6Zt9r0Q+B1J7yppqa+uEioiuCw4zkcSlOp6hvPkVkqhSeFUZ6zLVtWpNlfoyj4cj4jzIV1uhRXC2iNn3M64s2NtR1zUqGd43AjauEI4B5Jk9LxVekmnTpLuBx1JExH+0KtcbXo0vhQAYc4lqNatt1KpS0+jSamp3HcTuPYxkSNbQ8QVK+ze655O7Jlguv3VuR5dQZPAyTyJhKPiK0egtM0KaFB1Bmi0bV9NvKYqV3ajsHU8gTFvpZFtceJdUKqTQNVSMgq3P8Y2j4uvCuKtEUufhJKnMJVLG4Csl8nXGORniBX+m2dSmM1EJToV7zn+xqYQTbeLics1KnuGcbQDnr7wr/AGwqHnylOP8A0/8ArMfU0eg9REXUfJIDYzxn+HvH6XapSRqJvhU2t1YE/wAp1l2zcWmHielVq5rWYJz2GPthdLxJaqGH0EYz1UZMpKenip/ZXdqdvX4wD/GObTLyoxNF6FRh2p1V/rKxzFlqWt2lzplylJDSreWxTH7QGR/ETEL4qqGoxW5fp0Jx1POPsM0baNrG8ubZgByek8t1VHs9Ur0MMnluwCnjA4x/KbxsS4tevi512k3VYjaOSeScD+YMb/tZVOw/SmbYCGz17gH+AmJSu4alU8wg5IIz8/6xvnMqkhjkn17cTTPLejxnVyuLggEn4ieo5xx90IbxnXpFCbkH4sOCoyOh/mPunnBuGB9cHP4f0iqV+W6k55zGi4vQj4+rDdtqnIbrsHI4/wCsqvEfiStrNkKFRwy06qsvwgHowmSNYsCOQGH/AOfjH0SzNuOeneTSSe08UUUroZV/sX/dMrFfLr7Szrf2FT90/hKdAdwk2PZPDNLbo1NGVdm0Y29enOZQ+J/CVO8ZrmzGyp1Po0tvDy1qOiUVYnc6jg9eks3qEpg4Ge08vVxy278+njTWr032OCjAkEHrxDtH12rpVb9Gc02PxAzU+KdCS4om4pLipgnI7zAqrW1RhUQFgOh9Z3lmUYs09VstTo31BXpHk9RD2ZGTgczynS9Yr6fU3K2V7qZvdM1qle2XmhuRyfaefPxa+OmOWxrqrZJGJSa0imzrDg8Sza830tzAcnj5Sp1kodOqVSMEDtM4TVKyS2Xm1do2qPUzUeFbIW1KszMpyw6GZE12z1M1PhZfOsmU5xvzPTlPTnj9amoVpW5csABznMDs72pXdwAQinAJHWcunb4aCqSrcSUL5aBOFGO08+o67EF64ul5UUQnXPJbMKWoCODzAdyhBnrFb1CWbPSZsNrAAMDlsGZbxPoovK1A/TKNIjcMuTz0miDGUPim1eraeeDxTBJE3hNVMr6U9r4KvLpmWleWBwdozcgZ+WZqtI8Fa7bpTB2VFTp5dVWH4zztbt0Y4aW+la7XoNsFZ1z0IYzvlNuMuno1TQdSRcta1eP8OYHc6ReGmSaFUcd6bY/CU9HxPepgU72qvvvMlr+K77ZmrqD4xg5qGceI67rOan4cu6l01XCYPAycfiJHp+i39vdIyIjc4OHBhNXx1qlRfLNVyit8I3dIZpes1tQrb6iEOc428ZJ95216cv6tre3uWtwHpEP3HpM34k0u6qbWSk5GeeJol1dqdy9vUplAoGH7HiVuq67sdUVgq/tE85nOYzpu30xLWFzTfDUXGP8ACYYiVKdFFZD0z0l03icUjtUisR3Kwwa4lZQaltSIx+zOtYjKnduJA49IlFRmBP1czSHV9KKk1LSmDn9mKlV065qjbRpogP1QMTC7Z2pUreWRsI+IAEekmoVGag6spYnnkzSNU0aoAGVeOoDQO6o6bUqlaRengdueZRna9fcx2UyNpxkwGorZJbuZo/odnURx5wBz3EBraYu8qlemQPeanoqtt87+BmXSVygHmAFduDA6VjUpuGUqQPeE+RUcspxj5yZe1lKl5VSsDuCgnABMvNMYJWakGwrEYz3zM/TtmdlDDBBwJb6auHzuyFb4c+wnLLH01K0lC/CtgMBj4uvWWVO6WuoPOTzmY28oVc+e7gpwAOnBlnprVbenVJbIyPszOFxunWWLK9tRWdD3DEfeP+kx2pPcaTdVKdN3VWPwnd2mwW73heceszPit0q1KaKPiQnM34rZWc1SmsXoz+nY+uTHrrN1u3CuQfUcSuNNvSI0HWn5hX4c4znvPW89XB8Q6kybPp1YDGCA55lVqdzVr3nmVHLM6gkn5Y/lI8NnAkN6SCjeoiDu/qeojBUYDviQbj6x4OcnM0iYVCy9Y/LNkEZyYPSb9IFAzJPNIII6bpdoLUbQ2VbK9YaVpoCtNiwwOSPdoALrziwY7WYYyB1hKV/Nruu0KyjnHHc/1jZpLFFFCpLaiLm5pUCcCq4Qn5nE0Fj4UtbO8FWo4qEcoplJpv8A2na/+8n+oTdAk/C5Bcdcdpx8lsbxmzLK4FaoVLUz5JwoB5EMqMd64I95U2OlW+nVXqUt5es2WYnPvCa13Tp/GzcA4JnCuyW8IcA9gMYmS1fQDdl6iIFbOAR3mqqEk4MHrFSMbsAdYlsZs281raVd0GKmkxwesvvDFKpZszXJ2o6kgH2l5cW61AQemM5kISnS2AqDgEAGdbnuMzHVPFf6Rb+aF2qW+D3GOsHvFFe1qUTzkdjBWuWG5mO1Vb4V7CSs5ubJhTOxux95zn1tlK9N0faVwZpfCAutzZXFEdOOphNOzoOE8ykHbuTLSzxTyqJsUdAJ0yz9MTHVGVNlJC1VwgHcnEArm7/OCMjo1s69D1B9oVdWFG/8v6QpZUO4Lng/OQFKlevWsyj06aj9G6jHHsZybTlc0xjtF5hX4V695ypSFpacbm2DuckzlsXqURUakVLcgHqBCiadbPWK8oi6s3p4yGUgyKiGauVIwMcQzA2YET0ljyy9talncvSqrgg8H1EhbcgyOJ6Dq2j0r7O5M8Yz3Epj4THlsN7E9p3mcrlcazC3VdRw5jWr1Kh+Niftlzc+F7qgA1Mh/UHjErU0q6eow2EYPWXrE1UKhmYAAknpNlpVGpaWtEtTwV6mVul6QaJV6uCwbMv7ne1uQsxlnPjUxA312a9X6wAXvM1qd35tYL1295e1bKpUt2bP2TNV7G6TkjdziTHW1yl0HLc+knp3NQ8bjIXs7oDPlHGcRyWl0Dk0m6ek67jlqutXYtyc4jlvKi4AMHahX348ph9kcbO5CbzSYKO+I9Kebl8nnrCqFyxPJyZXmjV+HCnmG21EBsMeTxJRKNzFs8YglWqwY9jDVVlq4HIziDV7VqzHb3klXQRbqovG449I43j44YxlS2emSDI/LPSWMphe1QR8RIHvJE1OtSJ2OR9sE2EdY0U2JxiUHtrF2wAeszBegJ6S707xMVpLQdcs7DLfZMqaTDqDJbfK3FPHUHMlkWWt9Vv6flIy8gyi1a7ZqoqNg85klW7RLUIoOSOPaU169Rqfxd5yxxm3S30f9OA7RfTl9AZWcxczvHJaC7pF8ssHv6iOtMr7wQE5ktUZoKfeURTu7B4jZ1GVWyy7gO0IQM7u5HM5tbGe04OZRNTrPSZHRyCDwRC9PctdVM91z/GV68AZh2m/3lvXafxECziiilBGngnUrUDr5yfiJtboVkoVHVQzBQVHqRMLRqPRrJVQ4dGDKfcGWR8S6nyDUQn3UTlnjtvG6aq1uluqaNTUlWByxGMSZkRuNgPzmMtte1CiHY1FbJ4BXgSYeKr7ulM/ZOXFb6jWNTBXO77MSvuUVRvwTKc+LLoUyfo9Pj1lfW8Y3FVSht6Y57EycVeovQKtS6cs+KIQbVx37yS4KC2JIG4cKB3mXHiisFBZFye0kPiE1Cu6hnbyMNLzU6ixqW6uNoHJIzmFJbUxTwOO0oPz6z1mPkEY95F+f6hqE7WGO0c1dxsKdNAoIA47zltXFxSNREZeSOfaUVn4k20sPRqP64EIPie2QBfJqoT/AIZOTa3o3bl3DkMR9UAEYh1B9xOZlX8R0GILBwA37MjTX6FsSVrVfifJzHJtsqiKxAbpG3FFjRxRqCm5+qSM/wAJnk8T2wcGo5C+pEsX12wuAoS5CMvO7H8JOauxtS0ptcUrk7vMpZwQcZBnT5prmorfAFI257ygq+Jqn5yWnb018gEb2Y9flLQavZugK1lXJ5EapsRVrijUp+ZTc+YQuVGQp95K7qh5kC6hbY5uKZXHTPeQ1L+12CmlQNt5znMaonepSZTnvBjZ0nB2gQKvqFAvhW+6TWl2jDgzOqu0/wBDXy8DgiOWgCFUHp1hKYan1HI9Z2lQUHJcZ+cxqtALm3amPgUlTwQIHV0o1FLLhucgTRrboxGWH3xxsaA5z9xlm4eqpbXS9tMb1HrHjTkP6kuEWijY/nJlpU8S+01GcbRg3O0Z+Ue+j0zRKMn3TSClTjSFyVwDNe09MJeaUluThS2D6QNNJeszunwgHuJurxKZQ4UZlabjY9TKKOBwZubZZltOqU0b9GSQpPEHsbKtUuOEM1lBnqUiWUHjJEnpW1GmzOiAErKaYi70+u1wU8s8AdoFV0+uKqoKZyQOMTcVtqXOWVcKc7h19oAyYuTnghA2fTE1GLGboaZVqVkDIBn1hKaK6VSyjcPSXwoB6aPTB94ZbWgcZqdh8PvFIqaOiNU25t8c5z2jbnQ3CkpRUEcZE1NIOnweXnA4wY3UHRLYvwCRxOftvUYh9MvNqggYHcmK50+rcUhRRQDgAn3l4FNcAbiF7kx6UNifCQfedJilZX/ZuuBy4zOHw9cdN6/bNQaiA8tgxoq0y2SwB95thmB4fuQecQfUbJrGjSFT6zsePabhKaVF5bpMt4udDdW1NDnahJ+0/wDSIlignB1iimmXSzMxJPWdBA7RsUo6YbpZJuWz+wfxEBhulf3lv3D+IgW0UUUo6v1h85K1Igk4kdL+2T94SwYDHAma1AvlnyjgQfbjtLWmmKLGCsgPaF0DbO0yrqowckLgS7KD0jGtVqrgiQ0oxT8zpxCqCsVye0sFs0QY2x60kHGI0gNUwcxCkHyMfbD9icgLIzSKsCFOI0B8NQVcAmdqcnJhIyT0z7SSnaee2CuJNKDNAMA2eCOkaLdTwecy4bSXVPgHGIMLZUxzz3l0gB6W1ATj0xFRG1AMdIeaCjtkRhpgdFjRtCMxxY9A2flJSrYA2RpXsRHJswAnvHKr7sKTmL6ikAcZk9qUZ8NxnoY0bOBvOBTUrjuIbaVnTcK55PcwYiqtf4KvTtCjUOzIpnPqTHEXYoOQOpnKlVscOfvgYuGJ+N0Ue5jatxaqQWrgY6gGOYdVO9WoCNrn35jd9c4/SkAH1gR1S0TJQFvtgtXXNg4ULGja7Nd1bIqNn5zjXtdf++f75mamtVGPDEfKDvqldv1zGjbWfnGqB/eG/wCKQtq7odxuef3pknu6r9XMhLE9TGk3Wrq6/TJy9wzH5yB9epE48x8TMxRo20y+Ilpn4arj5RN4lDA5d+feZmKNL00X+0NPJGG56yRPEVBagcqxPTmZmIycm2tTxRTQDYQMc42zp8WD1GPTEyGYo0m2x/22KggKCcYziBV/FJrsS6sfT0mbizHMXqrs+Iqqt8KAL6ZkT+IrlhtAAEqMxZlTa3XXawxuUGcfX6xbIUD7JVRveNC0fXrxl2iptGewgV/cvdVVd2yQuJDFU+sPlBsyKd7CcmmSiiigKG6V/em/cP4iBGG6V/em/cP4iBbRRRSh1M4qof8AEJYlhiV1MZqKPcQ0AgSVqJw36I8Qctk9JOuDRPPMgBx1mWjWPHSdQEkYnSpbpgxwDAZKkSh20ngiD10ZRlZNu564kdWqMY7yoZSDDn1hlJlwAQJX72Ue06tYgYhFyLakeeMToWlRIYSsp3LKPrHrFUusnho0bWlzfoqYRs5lczptB5zBXr89JGa7DEqCw/w8evecWoN2IP8ASBjkRrXKp8SrkwiwfCgkQdmYjOB1gj6mx4wJF+cCwK9IBtVgCRmQO/GAxg/0jeesTN3gEi7emMryR3Mhe+uKn1qhx6SLdxGHpCu7jUYlmOB1kbYCZJzmRl8PmcqVQ2MDEgTVNq4A2yEkk5JzHuvG7rI88QFFFmdYEcwGxRGckCiiigKKKKAojEZzmAooooCiinICixOxQORTs5AUVT632RyLujKv9oZA0dYooppCiiigIw3Sv7037h/EQKG6V/em/cP4iBbRRRSia0Xfe0F9aij+Mtb+z+jsWQ5B7Sqsyq31AscKKikn0GZprk2VWgxS4VmHYMMzNaino094wGGT/CFUbFGTLcxWFgrMzmoE543MJZKtOgpV7imQfcSNBKdCmOEUcSR6KMhBXmQ1r2yoEqpYtnqoyI1NUtiMlmB9CsoGr2RBJXpBHp7TyJYVb5KgwrKPnmDMoqEkVUz78RtAFQ4PSM4bviFVbd84JQj1DiDGg4b4QD/mEqGMdvcyNnZjyZO1Cq3VPuYSNrat2pmEMI9DGMD6yXyK3am//CYvJqt/3Tk/umVEYPE51zngR5pVVP8AZPj90xtQEcFSPmIUOwGcjmRkd8SUJt6xdQcDOIRGBt5jg5PGYiAY0LgwHjPQzp5pPjqBmcK4XOZxD8e09+JBAwz06yI5J5j2DbsehiqAnBkqknNKoPYGRYxJKZ5K/tDEjPHWAsx6tngyPMcv1hKH1U2YPYyKFVRvpcc4g2JByKdxOQFFFOiByKdxgZ7RQORTs5AU5Ozh6wFFFFAUQ6xSSlTypYkDH8YDgAqyCpjeTJ+DxB6uBUIgNinMxSo7FORQOw3Sv7y37h/EQIQ3Sv7y37h/EQLaKKKUIdRJBn1kcl3KFzM1qOLlj9Yx7DAyTGcnpHOpWlkyNOBgehj1bEgADdODOgNnGYE5fPec3MB1kTArjE5uPSAmdsnmRmqw7zrKTIyDu2kHI7SxDzUbqDOb89eZxgQMSPJHaVEm/njiO8w9z/GRAZ7zjcQiX6RUB4dh8jOG6qDnexPzkHM6OYNpmuqjrgsx+2cFZsZBwZEUIG5YzJHXvAlNcg9FP+UTvnIRyi59dokBOes4FJgT+bTPBRce4jTUoqx20h168/1kZXHeMPEBzvRLZ8sj5GMD0MkMj49jGnmRPAkP0bqGce2J0pbMN5qZ9ukGikQSKNtj4ah+WYxqVMH4X++DxZ94UXTKoQC4x7zjUKZYlKoxngGCsxJi3mAQaA5IqKT6ZjfJYckr98g3GdBhRyWlFqRc3NMN2XmClCGOI0MY7zT6Qju1iMdpzY3pG+Ye8W/5wOlGx0M5g+k6Kjjo5EXnP+1mBzE4VM6Kz56id8091H3QG7TOYMf5o701jlqoD/ZD7zAalME5boO3rJGYYIAx7RNUU84jWqKT9X+MBL7werzVaFg0doyWGftkDUwahIPBgQzseaXvF5J9ZQyKP8h50UH9JBHDdK/vLfuH8RB/o1X0H3wrTaTpcsWXA2H8RKLSKKKVEtqFa7oqwypqKCPbM0h0uzq4PlAD0xM1bAm5pAdS4/GauijEKCekmttQM2jWoOVUqfnI6mkU6g4ZgfnLjYCsZ5eJNKoH0WqudjAyI6TcKc8GaPZF5cmjbNvp1fH1AJEunXGSSoP2zUNTkbUAT0jRtmjZ3AORSMaLZgxNSm2T7TTrQQdAfviakv7I+2WDKPakt9XAkb0AoPPM1rUU/YWRPZ0WGTTEIyLUyPnOCk+NxHE1BsrcnBpCKpYW7IVFMDMqMvtDDiNKhest7nTvo/1R8Jgj26mAGoJHEaVPpmHIqAdORGtRDNuBxKgEoeuYu0Lego95H5AHXvAGYZE4qowwTzCWtsCMWgFOZBAaBU8YIkDoc8wtl+I44ix2IyPlAAKThWGNSUk/CR7yNqI7PIBSJzEK+jv7GMNBv2YA85JjRI7GNKEdjAjxOR5WcIkVzJnMzuIsQbczFFjmdxA5mKdxOQFFmKKB2ITk6IHcxZnIsyh2cjEUbmdzAdnM6rRhMQOOYUSp4EeCIMHj1eYWCZNa/wBoflBA8JtGzVP7ss+l+DIoop0YTWf99of+4v4zYUxtIOZjrX+90f8A3F/Ga6k2VA7wsT7sTu7iRnM7Cu5iziNJiB4kHSYiYsiLgwOY5zO9ZzOIt4lCKAmd2ACNJJMW4iBzywTyImQDoJwsfWcNQdzAiuKAq0yuM8SlubQ0hgZAMvw4g9yi1UwRnEDPm2z+tiSNbDy87ukmqqQxXGCIMXfJX8YRE9I7ScxiEtwVPEmJ3LjPSLheQAIRGQW4wcTjU1xmTMfhPpOptIBxiAI1EZzGeXgZIhlSooGDjPyhFrbLXA3HGfaBHbLSqIFKDPvCho1vU5KYhdKxo0+gyfUwkbUGJNKpqmiUR0WRroiE9Tn0l9kEdIzgCBQvoxBIBkVTRHbsJoVXJ9ZxQN2DxIrLnQahPWRNoFUZwZrHVQeSBG7R+qQflAyB0S4z9UffGto9woJKcTXmmDnKzop7lPwk5kNMM1lWTny249pEaT45Uj7JvhboRyg+6DvYUWbmn/CUYny+AMZnDTHpNodKt84FIH7Iypods4yq855hGNNOc2TXNodDj4R98ibw/R56j5GBl9gnCs0b+HqZBIdpEPDuefNOIFCBg59IiuTL5tApovFQ575jPzDUPCusCjKxKuWA6Z9Zef7N3P7aGNfw5eIRgK3yMKpcc4ncH0lt+Y7kddufnIaum16Zw1JvmBJRXhTJVXiSmkVOCMfOdCTKo8Qmy/tj+7I9smtBiqf3Yn0vwZFFFOrCaz/vtD/3F/Gaagzm42bePWZi0XfeUVzjdUUZ+2bCjbNSXlt3vCx3JnY4CIiFNxOYjp3bAZ2iU+scwwJGTA63IjB1xHgZEhY4eBMImI9YxTGH6/WA9vq5keNxjlncEHpAZnbwOsY1WkG2s4z852oh8xcdD1MpbwYuamG6QJL/AAj8nPpiB/qgjkxjs1Q/E2YgcYA7QhFv2RyZGzFTgxOzeb8MjqB85JhBKHcMZ4nd+GIyOJDbuQOY2o4DcCAQjUwCXPMJs7qhSf4mOJT1Kg7dY1XIMDXUbmjVJ2ODJDUDc4lJpaq6+ZnkDGJZU8hNo5gTecA2McToqbj04nF2jqI/CYhXAQDjbidKFcEgzhOCQG+UerdmbJkULe23n4xuGO4OI6gooUwmSfcmGHGOfSB1EIII7yCRglTgxwC0hxBySpXPTMk84HBA56QJsb+czpXJ4kKVM8SVHUnI64gdFM55OPsjxTUKQcfOR+cGOD2ji/YemYEXkndhsEExzUCCCOR6R3mdTjE67noOwzAHNIuWGwrj1kVWiy8gGG7iUO4Yx6TgfjHUCBUmm7Ejac+87TR0ILjB9JZleRnofWNZUPVRx3gCb328QZ7x1G09oa+1TgesHalS+IsoJ3YgDG5qMRhP+slFcNktgHpiEqKXlFSB1xBhp1IMawc5z0kENWhSqDLIOYKdOpMcKJcm3V6eUPPpIFoVFX6jfOTSqsaOG53lR7xVNOFooqCoWz8OMS3Nu5pq27HtiCX2BaqvOd/p85YlV8UUU2yI08Z1K1HrWT8RN0aDkY4++YvQqa1fEGnUnAKvdUlIPcFxPZj4f0/tbUh8lxM3LTUm2LFnWxkLmI2tb/yzNifD1kelID5MRIj4btuwqL8qhk7jXLJfRan7B+6O8ioB9RvumoPhtM/DWrj/AD5jW8PMOlzXH2j+kdxNMu1Ju6n7pGaPtNQ+hV/1bup9qgyJtDu+1596f9Y7hpmfLx0jTQ3HM0baHfdrikfmkiOjaipyv0c/YP6S9Q0oRRIHSRtSIPE0FTS7/bj6JRb5NiCvpt8nWwceu1wY6hpWCiccToQjr2lj9BuB9e2uV+Sgwd6Bpn4vPQ/4rc/yMu4aBsnBMorug3mu5BwZp9in/wARTH71NhIHtt2ctasD2LEfyhNMi1PLdeJxkqKeJqDpak5W3tz+7WxBbjTWWqGFq2B12sGEppnmpEHOOTOFGJ5lvU02uy7hRfB6HYeIK1pUQEshGPWE0GCAJ7yNkBXBhYpFhwIw0SOduYNIF0xqto1ZScrARTcA56y2UVghRc4PUSNrNzxt5+cIg06rUpXdMDozAETTtSIAI4lNb6ZciojhBwQc5HE0SUyUG7iAMo4IYTuCPlCCgEiZSBmFN2AqCes6qZbJMaTxgToUjkyKeT6yCqxOAO0nK5HEHbaesBr4I5PSQF9hIHYwg7dvzEhd1+8QElfDjPrJ6TkkdOpg6qGDHEkWiUOV55gTIQWzjOTH8tgEY4MYgGMHgq3EepPwtkHkjEBo3fDjoRO8gAn0jWO0e+T0nBUAwPTiQSbt4246rECc4wMYjEYfCCfUR3APccQOklMk88cRobcTiJnwCCScidCEc47esBr0zuziQVKQYtnjBh3ZhB6+dxAHMAI08MTnqY4L795JsZmI256SQUAOqHrAjXcnQjOZN5rYx7yQ0l5OOSY3yyCeO8ioHquq5xxmAahUZ7ZcgAB/5GWjrhORxu7Sv1UL9GUrn6/8jLEqqiiimmVj4d/+pdL/APmUf9YnvGJ4P4d/+ptL/wDmUf8AWJ7xOebpgbOETpinNpzE7gRRSDm0RbZ2KUc2A9QDGmmn7Ij8xQIvKT9kThopJCROZECJaIz1nTRUmSZnM8wIWs6TfWVT8xIX0i1qfWoUz/lEMJz3nA5B5HEboq6nh3T362q/ZxB38Laa4waBHyYy+yD0nDLujPN4UsduF8xfk5kB8I0gP0d3XUem6aY/Kd49JeqMg/g+oRxfv/mUGA1vA9wW4uFP+TE3mPad2jEvVNPOX8EXqptWpSb58GCVPBusIcqtN8dOZ6gUU9pzyQekdVNPKn8NaxTYMbQ/5XziRVNL1ekfho3BnrRo+wjfoueSojunLySpT1JQd1vXU9vhzOirfrTJegzAeqET1hrZf2AfskTWlE/Wpr90vdTl5SNVSlxVo4/hH/nm2b61F9p7gcT0uroun1/r2tNvmsDq+E9JqAA2dMAdgMS9HLCpe21TpU2/vDEYwUruUhhnOQZsKvgLSKhJ8t1z6OYDV/J3Z5byrmvTB6AEcR2cs8i9MjjntGNb7iOBLyp+T6oq5o6pVVu2RxBKvgvWabfo9RVx6nMvUTkAlrgYEetNkyOuI+p4f8T27gUzTqj13D+cHaz8SW7/AKSzFTPy5jcNHHCk8RFwgIIxnmNFTUlBNbRbjHqimR1b+kyjfbXNLjq1IwmjzUUjPvmN3c7j+1Imu7E5AulGR0YEToqUcHFzSIOOjCUS8hvmxj+cqc59pHTQs24MrAEfVYGFpbk0wTn60CEIWAYMc4kilgAM5yI+mCKm3YcZPMeaeO0BhclcgY4kb/Fz325k4AAx04keBk4HRe8g4nR8jBxJkKA+uIw4KnjnbHqmcPntA64DLkGQNkAknvJQxBPw9fWNamWGB1JzCowy4+IZ5lfrOPoagLj9IPwMshQILbhjpK/W0xZKc/8AegfwMJVHFFFNMrHw7/8AU2l//Mo/6xPeZ4FFM3HbUunvZingkUzwvb3ljiczPB4o4O3vOZwkkTweKODt7tzOZM8Kijg6e6ZM5kzwyKODp7nuM5meGxRwdPczOEzw2KODt7mGxO754XFHB2903CLdPC4o4Onuu6KeFRRwdPddwE6HAnhMUcHb3beDOhxPCIo4O3vO4ThUGeDxRwdvdsYiKg9p4TFHB2922Cc8sTwqKODt7m1JT2kTUQZ4jFHB29rNvmNNDA6TxaKXk7e0eU3pIqlrT/Wpqc+08cijk7euNpVjUILWlI/vIJBU8N6RXO59Otyf/bE8qijk6emP4L0J2ybFVP8AhJEjbwXpwH6Cvc0f3ap/nPN4o5OnoX+yLbQaGq3CgjOHAP4iRN4X1FGBTUaTAft0f6TBRS6Om2bw9qoP/hKv2sp/nBqmh6rTHOnBuP8Au64P4iZKKNJ01K2l3QAFbS7wDHZQ34GIXFGkCtS3ukwOd1Bv6TLRRo20xuLJ2Y+eq/vAr+MfTNvU4WvTbHowmWilNth9GVweQfkZT+I6SppyFf8Azh/pMp4oTYKKGxSo/9k\\u003d\",\"/9j/4AAQSkZJRgABAQAAAQABAAD/4gHYSUNDX1BST0ZJTEUAAQEAAAHIAAAAAAQwAABtbnRyUkdCIFhZWiAH4AABAAEAAAAAAABhY3NwAAAAAAAAAAAAAAAAAAAAAAAAAAAAAAAAAAAAAQAA9tYAAQAAAADTLQAAAAAAAAAAAAAAAAAAAAAAAAAAAAAAAAAAAAAAAAAAAAAAAAAAAAAAAAAAAAAAAAAAAAlkZXNjAAAA8AAAACRyWFlaAAABFAAAABRnWFlaAAABKAAAABRiWFlaAAABPAAAABR3dHB0AAABUAAAABRyVFJDAAABZAAAAChnVFJDAAABZAAAAChiVFJDAAABZAAAAChjcHJ0AAABjAAAADxtbHVjAAAAAAAAAAEAAAAMZW5VUwAAAAgAAAAcAHMAUgBHAEJYWVogAAAAAAAAb6IAADj1AAADkFhZWiAAAAAAAABimQAAt4UAABjaWFlaIAAAAAAAACSgAAAPhAAAts9YWVogAAAAAAAA9tYAAQAAAADTLXBhcmEAAAAAAAQAAAACZmYAAPKnAAANWQAAE9AAAApbAAAAAAAAAABtbHVjAAAAAAAAAAEAAAAMZW5VUwAAACAAAAAcAEcAbwBvAGcAbABlACAASQBuAGMALgAgADIAMAAxADb/2wBDAAoHBwgHBgoICAgLCgoLDhgQDg0NDh0VFhEYIx8lJCIfIiEmKzcvJik0KSEiMEExNDk7Pj4+JS5ESUM8SDc9Pjv/2wBDAQoLCw4NDhwQEBw7KCIoOzs7Ozs7Ozs7Ozs7Ozs7Ozs7Ozs7Ozs7Ozs7Ozs7Ozs7Ozs7Ozs7Ozs7Ozs7Ozs7Ozv/wAARCAC3ARMDASIAAhEBAxEB/8QAGwAAAgMBAQEAAAAAAAAAAAAABAUCAwYABwH/xABaEAABAgQCBAYMBwwGCQUBAAABAgMABBESBSEGEyIxFDJBUWGBFSMkQlJxcpGSobHRByUzU4KywRY0Q0Ric3SUorPS8CY1VGPh4jZkdYOEk7TC8TdFVmWVhf/EABkBAAMBAQEAAAAAAAAAAAAAAAECAwAEBf/EACQRAAICAgICAgIDAAAAAAAAAAABAhEDIRIxBEEiMlFxBRQz/9oADAMBAAIRAxEAPwDSCPoj5EkxZHQSCYipuLUiLAiDZgdpdmyri+yJ8TyVeqBRNyzs/MSTbvdEvaXW9xoUghQ5xmMxuPVW9Dn4NXV7oD2jIvjhFKTZsq+jFkQaocsESEVgxIQLMTESAiKRFqE3xuVGo+AR9ti1EuqLuC7aU7UI88I+w8Rc2jul76Psi+2CuApRc4lSlKVTqpl74+LlVI770oaPkw/IOINSOpEphpxpGstuT/O+KlId8L9mOrHkUuhXEmRECYrUHfnP2YqUl3531R1RIyRaVRFS4oUHfnf2YrUlz539mKqidFi197FK1piNHPC9UVIuW9tK2Upr7YzYUi5Gx2x3/wACM1pNpImSRq2tqYV8m3zclx6yKDpG8kCLNJdIm8PZ1bXbHlfJt853XHoFR48ucVx2HyqsTxiQ4drHEzk022tzMXgrCVAEcwJGW7PPeTOTrrsEp0NND2ZleNpnXkuK4Qw6NcrctSVJuAO40qK8grQVoSddiU83KIVc6ltKUgqcVmADUCg3qJoaAcxzABIYaQSzEljeDS8s2llluVmUIbQmgQkFmgFNw/nfCPSSUcm2dQxbrLAu5xYSkBK0gkk7gAsk8vMCcohNtQtdhwy5RsXyE5wvFcOmUtau2adbTcqqyLUKBUeUk1OVAMgN0IGZObxvXTD+plZRKyblJo0hSiKgACq1HIAAVNBzxocOwxUohlyWS5Mal8vlStgzCim02jMpQBnU1JpXPKGBlOCat6b1KnErQ22wlQQzLgqAISNxIBJJqa0NSdw5ldfLsv2IhgasSxFtzWPJS27elu229NrQTcRUDNom0VOYzFajSu4ensbLynCVNpZWheyKldqSBkCBvINTkCBF62+D4k8pStnVNlSlZd6K15BujN41pg3L6lvD0pe11aPXApoCRUAZnNJAOQy5YXsNKJXMNtzE+2q5x5yXdmBwJo0zW6sgqUckCigKmp30A3wFODVIZcUpntathmWQUtN1ooFJOayaGqjmct9Kw0mZtOy8m1tKVpecVxaglQz5DuzrU15t0fJfCZnE7lMMNplL6h99FAuiSAEpOaucE5VrvjUuzMZOaXyanFFnC5+ZbJ2XUIyX0iOgDDcXPY9rWKuVQ1OXOY6FDZrY+piMfRFzF6IvQIHbMFNwGAx0zhL89phPzLD6pdTLrQQ+3QqQotI3g5FNDmDv3Q3lppUwtUpNtJl59tNXWU5pcTu1jZO9BPWDkeQmErOtNaVYzJXN3OLZKUq3kFlIyrv3HKOxJbFklJYgpUpO3ngL7daocrQJSSKGoIFDkRkQYip02Z6QZfei1XhC3+eeLdWn8r0jAaA7MYa3MupSlxSDfq6hNwqCRUkgVFaVNI+ISrwnPSMUbvYyDQ2n8r0jFiW0/lecwElCvCc9IxchDvhOecwjGDEoT+V5zBcsjvfRgSURt7V30le+GjSEo72ODPNuVDrSLksqvu76CUt3W7MSZEXNp21RKELZGUwfVWelH1TKVwWpGxEbdiKvE4icwBxPe99Aq2m/wilfRg9Se3eeBnrb+LBxycHoqnYLNSqWmUuJ1m0r8IOgn7IBUmCDjHZCZmJJSbXJRab+moVQjooAeuK1x6/jSco23eyU012DqTFJTtq2lcbo5gebpgpQikDbc8r7BHckQbBlI/KV6vdAMzchClJUr1e6GTghdM8RUFxNGVmJ0glm3dJ8OllcWYdQ2vPMpKgDmMwaE59Pnd6RzuEvaeYFIYSpvUyL0uwpLSdhBDw2QdxpUVpy853Z/H5qWxbSGUZlHNq9LKHqEpBUoAqA3kCteTqqCWmkuC4fofpPgSmFOallTTj7jhqTR3aUeQZcgyAAy5+Scqna6JSim99m30n/ANJMK/R5rm52eTf/AD4oAmpNiYW2pxN2r4qeTkOY5aUHRy7wKMNJbvukwpP+rzJ38ymRu3cv81gGcWpDOzbcpSUJUoEgVUBUgEE0rWlRWm8Rn9UU8f6FE0vYTa+pu1dVJTmXhaoW+KpBqcshCHSHEVYnOJl5JLiVSswXnHFKCUipyBJ3jOvTTIGPk4+lGJSk20ly1OtQtxxQKnKJSrkyAFCAAAAa8tTEJeefm8VZTalOuqUstp50mhoBmTz8vLHPI6SeNPOu6MTHCVKcebUwhalJKSTrUncc6UI303bhujGMq4WzhUklVqm3VDa3bdKGu8Z5EdNc+TZ6QNKlsEnW1JtuLDltQTQOpGdCQDVJqASOmMTh8vNuzGtYlFKZk1Fxb6U0FBQ0JORpQ0pnnEwS7N+RKYfPtyikuYjOpr2xxFJdhQqMkVzNRTMk8tRAeGzU7MaT4dO4k+49c7qEbNEouUBUDcDRQBNOXOsET8rMr0hxF5ty3VqqjduOZNaE15PEYClWbHsOmFaxSWZhFqnd4NwJB6QeQ7ujOEscUB5TJLXgqI9cdEsURqcXnWvBmHB+0Y6CA9MiKlxEmIgRdmK32351Grbm3pPaB1jQSVftAinVAbcninY5mZ+6PEbnJhts7DNKKdCDTY30NfHDJB24GbmWkYJKXOpT3YyfNMpO6EbA0K5/RHEOzzk/h+KTM1OtsNuL1pbStYJUkhJstBAQKVHWIBXiT07JpU7pDiaVNrbS82820NTcsA1ojIgew0MbaWxGU7NvK16beCs8/It3o6YRYxJYNi2Ay9z+pnb0M69tKgq1ToBCqUuABqATkRlSJSTZkiGHYbPzbGq+6Gf1fBW3gGwzSq1ug0JQcu1g7+UxNjC59cjLv/dDiNzimwRRqm0oA02OYxfgS5bDUtyLr9ypfD5Zm5KVEEhb+6oB3EckXMYlLIwqSTtbLrPe8ywYG6DRJjAp9c+5LfdHidqWml7ma1UpYPefkDzmJMYNiC5CVmfukxG55TYOyzQXEA02OmDZXFpTs3MK7Z97sDdzKdr7RHS2KSnYfDk6zaSpm7ZPIR0QrUhgmVlnJF5yWdm3pvVpQvXO23bZUAmiQBQWc3LDZg96raheziEovFZi51NqmGBuPhO15OkR8lsRY4BLuKfuccSi7LlIqTkI5cuOXaHTvsfswQiFstNtu/JuXW7+for5jBiHkwkJ8XsjOLCYrUYhwhMVrei08ql0IoM+L75UCO+EqJOTbSF6tStrLZ8eQr46GKETaVoknrXE64pKk7xQoJp05080LGLey3Qnn8GfXiTzzWJTEopSWgpLSG+Y0qSkk0od55TCcYdiC2ZJz7osRTwi2tqGcqtlWWxzgRq5p9Ls49bdxmvqqhIyruPCPofuVR6fjwXEnKbrYvRg+ILecb+6bE9m23YZ5Qd+xAreH4ktmTc+6PEe61Jv2GeVory2OcAeKNC0ruyY+h7DC+XPceEeWj/plR3KCOWUhf2Jn1vTCfujxDtdKbDXKAc9iEuKyE6uQw5L+NTrjc680hxCtWBaoEkAhIO8f+Y2Sfvmd8pP1RGdxcdwYF+kMfuzDSiuIsJbEOLyctJaSYMywhLLaHmwhPOStPPUk8tczykjeW3wtIUvG5BlKdZrJelqRvJWR4zvhTpan+muAfnW/wB6mNN8IP8A6haN/npf/qBEMj+T/Qr1JFODYx2YldHnHVXTEvKTcu9nU3IVLgE9JTaeuL5tTruJW7Wpl1oWbTlQAHMDpoc+im4xmdG9Xh2nk/IJVbLpXNMst9KXAKDpsbHoxuJlvWyzjaVWqUhQSrfQkEA0icdxOqCpaMnMtq4HLqdateTMPtr5qWuqFKZD274D0fW7MYxLvOtJ1baSgvNgkEWqGRIBIqco1K5DWvJcm3VTCk1om21tFQQbUDIZEipqaEisWIZbaRa0lKUp4qUig80ScSyQMjCpZ2W4M42pyXSgItdpU0WV5gZAVOQzyArFs1JtdipiXbSlKVMLQlKU0AqkjIQUkxIi9FvhZeeJtDoCmrdTrm2EqcnUJFyqHe2CCAch1xnMOfal0TfC1XJmnVrQzao0tUCKdZPmjSS7PCNHpBxx1tltMuyVOOLtAISAc+rxGF6ZvBmtmWTMYu5cbUsItaFSTQqJApnvqYmkazOaSt2aST48J5SvPn9sdDHEMExTF55yf4Ky1rqGzWVpQAb6dEdDaEpmvpHR0QWuLyMDzsyppGzxlUHnNITMB13CmdVtK4UivU+CT6oLxFDjqLWHUtuXCilIuAoRyVFfPCJ/D8Sl5ZKeyGymYRxWSKEuDPJXOYWjM0rci5w9x5XyamkBPjClE+0eeKVS7TUhLpcdT8u0bknKt4OR5qwiRJ4kufcSrEE3apG0pkneVUyu6DF6cDndSlvhrdqVAp7m5QoEd9ziMaxwh5hGMTG1+Ls/WdgZtxPYqS2k/Kt/WEUN4ViSHlPJxBm5SUoPcmVASR33SfVE0YRiWpbb7JN2tqBT3JzGo7/ogNBsZMON9mHtpNuoa5fynIgw4nsVIbXfNe0QOnDcUQ8p7skzcpKQruTKgJI7/pMBIl8S4BK93M23N29ybt1M7s4mNZoWXPjKY2vwTX1nI+S7/cEgpSk/g9nqhe1huKIeU52SZuUlIPcmVBUjv+kxcjCsS1LbfZJu1ulvcvNkK7cBxYykaGTXZOOK73VNUV9JcGys66vDZV665TmrCutIqfHyxnmmsZaZtVijKuUXSdaD04qK8Sw9DcsnEmbW0pKbpLmqBXbz3QZ4ucFoHLZpxiKkTKk7KraeuteXoihGKPuy0q5cpOsSgqty3pJ6vFGYW5NzeJcJdnpdTyUJCXEyqgaG4HcsZ0Jz6eiIyyp7g0vbiCUpShNieDLNNkAD5TPLlicMLXaGbRp23r59X+7+sqB8VxHg+CYMrVtqu1be1yFTRoodIpl44USxxRc52rEGblJ4ypNRGVSMivphu7oZjkxLSrL2PyC2mLS0leHqrUJIFaOipoTDSgvYjkk02M3XdbMzCrUp2m+L0JVCdk9x4R9D9wuLnsE0ikrlOY7KOaxSeLhxpkDQ5ueOFi8PxlrgDKcWl7W12I7g3UaWAT2zPIEcm+sdvj/XXRzTGrP35MfQ9hgGXPc2EeWj/plRW3KY3wmY+N5e7Yu+L9+RplrMorRhGMoQy2nGZe2UULPi/mRaK9s5ieuOtNv0c0hgj75nfKT9QRnsY+8MA/SmP3aoZHDsbQtxXZmXucpd8XcwAFO2cwhNjEpPynYhMzPtPMtzrSEpTK6s5JUASbzyDmgyvj0CC2KdMP8ATbR7863+9TD74S5lqR02wKbfu1cuplxdoqbUvgmg5TQGMnpriDExjsnNYfMtucDRm40a0WDUUIyJBFd8IncRbnXtdNvzDilLSXXFba1i4VNSczStKnkAyjlm48nso420xpiWOJexVnFZSWU2pmafeClK2nEqfcWEkbgaKIOZ3x6c083MMtvNKubcSFoVzpIqD5iI8tRiujqMEm5Lgk2qacUvVvqCTRN5UgHayyAuoOffDfR/TiRwnB2ZDEGZtxxmqUKaSkpsrUA1UDUA03bgInGUUy0NG5XFCjGae+ErBkpVbJTouB7xHtvhvh+JN4nJtzbHFcTXa3jkINOUEEdULKSLRaYckxegwMkxcgxJji1OjWH3pU4lyY1fE16ysI6ADkB4hDNqVbaRalKUxYDEhE2E+WpjolHRjFClRUsxJRiEdTJiLSeRnp3CtXh92u1qTsrsNAc86iMqnRTSh3vXFf8AHJPquj0hKY+lpK4nIVxs84GiGlfzT368mv1o+/cnpb4L/wCuj+OPS0BxHFUr6Wfti5Diu+bu8nL1RNyaBxR5k3ohpav+0fro/jhm1oBpStF2smP1z/NG/RMsI42z5Sft3Q0lsUYst17fpCIznL0Uikjx+Y0N0taX+Mfro/jgb7k9K0bNr2z/AK8mnULo9yUzKOouU6n0oVzDcohfy7fnEaOR+zOK9HkQ0Y0r/wBY/Xh/HExo5pX/AKx+vD+OPSZ4MIllKYcTrMqWkHlHJ4oTLW586r1e6H5C0ZFGAaUeFMfrw/iiRwDSb++/XE/xRpVa/vVOK8n/AMRyUP8AfOOJ8rL7Iwwgl9GNInV/hP1sfxQxOhOkSGbkqc8nhP8AmjQSiJlpd3CU+l/hDF/GZnU6vWXfzyRzzlK9FVVHnbujmkzS9lT364B/3RSrBtK/n5r/APQ/zxrppyZXcrXq9XuiMw65KYPLuNatTilkFTia85jpxfLTJSoyKsF0r+fmv/0f88VnA9KfnJj8nu/dyZbfj88aBWKz3gy//KPvhtKLVMYVwt1LesscOyigyOWXVHRwoSkzD9gtKPn5j9f/AM8fDgelfz8z+v8A+eHy8Ym0Iutl/wDln3wTgWIzOJreTMpZ2UEjVopnUDlJ54WXxAoJmV7B6Wr2UvzCv+Pr/wB0VuaLaUzfa5lxzV7zr5krSOmgJPqjczzfxPNpSpLex8oqoA2hmSAT6oSuMJ4BKd3S/wAq5VVy9vZRu2amnTzxk7RnjSMXPyb+Hz7kkp3Wau3atIBBAIIB83VDiUwfDZjB5ebumNc48hlxN4oKuBJpllkajPlEVaTspaxjWJdbVrEpBSmtRRKSK1A35kUr1QJKKvZcZ1+rueaWlKtxzoTkCaioPirzCCtMSh3J6N4VMMuOOOTNyXnEbKxuSspHe76AQuVhko1pDwB1Typdz5JSVAKzGVSRTeCN0Eycpdb3clO25RO1XJxQqNmmdK58/JFWkLKpd6Xc17jjly6KVSotIIpQc5rBdV0ahVi0uxLzj0o0w82ptXGceCqjeDQJFKih5Y0eg2I2Lcw5Stn5Rv1Aj2HrMLMebvlpLE7lPcISELU5SqDSoTlTpHVC2QnVSOJMzafwaqqSnlG4jzEwjCnTPYEGLEGBJV5LzKVJVclSQUq5wYJSYB0BKTEwYpQYtBhAk46PkdAMBFyJCMOjTObv/q1v9YP8MHSWmanZyXlncNt1zqG7kv1pcoJrS3PfHS5pkeRrUxNIiKRFiRCSGLEJgtDUUNCGDDSlxGQBfNtdpV5JihlEEz5csctSm1KDxlUK8wCE89CRWtN8Ql+J+V3yd9DzRNvYSxN3hR8UzfBKEfkxMtK8GNRrFM81ZLK6vaISvKjR4qO4HOr6wjMvGMYnLK2PpGOmlbbPlK9kVyfE+kYsnGVLQzquNf8AYYrWhvRNuJ0i6WwzY7a7BgwtrwlelE3QtitwbCopxTYwSUu8PLzGGczhykIVaq6Bsfkpl3BJJuWYceUm0qS2KmltK59MUw/YzejOce63at8GsP8AD/6h/wB097YQKwjFL7ux7yd/eD3xoJCXfawTUutKS5Y9sqTnmcvaI7HQiMtM7DLmztW02q7yQOfpg3Rj7/mvzSvrD3RVMYXiC0JSmUe44u2eQZ/ZBeASM3KTk2qZlnG0qaIClJoDtAwmZK9Gx2Hz+r7Dzusuts2tWoBVLhuJBEI3jI8Aku1TXyrlnbE14qK1NufJ64ezZV2Hm1NNaxVmylSLwdoZUoa+KEzqpngcr3C38q5VPA0mzJFDSmVc8+WnRAxr4Bm9ibSZphfClNNva5nVObS0lNAlNaAAHcefkMIWFJ4SypXFvTW1VMqjl5I27zLsxPzDLksnUuNWFWoAJq0AdqlTnlvypSMEhKrNWrZUmqFc4Iy6jAmqdkzSSLsmlxNylXXrp2xITTWKIqKb6GCMS4NPTkuzr2bVImBdemgJCaE5849UUYQtTzLLi5ZCkuFayrg6TmXFVzpl4uSGEw032bkE6pviv8gpuTSGigvoTYcWp3R6cwx9xLbie2M6xYGe+gJ6R+1GfQlVl1qvMYcyDvAcYZedSnUvLWFXAUtK1J5eYgHqgfH5VUjjbzf4NztiPEd46jUdUTYPRrtCsS4RhXB1K7ZLqs+icx5sx1RqUmPLdGsQ7H4w2pSu1vdrX17j56dRMenNKhS8HaCUKi5JgZJi5BhWOXVjojWOgUY8mSNtPkn7IvlR8a4d+mM/vEwODtp8k/ZBEofjXDv0tj94mD7OY9PRFqYqRFzYikigVLIvXDuWSlCIWSyYYtqiLAZxU7La5vWNPKUzrV7NO/NTlXOmdOo8gi7CUtru1CXtXl8qpOXQKDPrMKp7CpuYxLhLGrU3bspU8kZ1yJBIHnh5hQsZtUlKXvwuroQaZBQIyOVBz5cwERbfLoo0uPY1bbTFhSmK0mPt0MTF2PIT2KeV5P1hGKf8mNpjp+J3vo/WEY9YhkrCilmbYl0WqU5xvmjB8tOyjq02uuazvU6pQr18kMtG9HZadmdZPJ1iU5hmtB4zTf4oaYho3Iys/wAJlG9Tcn5NPF8YB3Ho3QrzRviF2DyjSnfCg0yavCiyWSlCIJKoAgneZUjjQhxZczKdsTMzGr73tiqAAE0HJyRrnLVwtmMPTPItafSlSVeBWhoRz9MDm4rQ8dmHRis67PqZ4TMalKEruSpRzJHTzE+aKJ6bxlbzfY1+acZUnbVcokbRBoQcsh6odzmDuYe8px+bZTcsFOQBqE0yqOau7nMK5YcBQlPC7kpyNqDuryCmW/2mLLJk4pxVhcYopRNYgt5KeEzWygfhVb8+noPmMRM1PcJ1apuY6U65XrzihxhTr2uaxBSXk0I2VBPGrmncRSooec88WlCdc2rhKnnLaG5BFd2dScz0UG/KNbe2Dro0MpMcEkJiZt1mpl1uW130BNK9NIDltK52blkvNYE4pKk1SpLqj6wilYvT/UmJ/oT31TGh+DRhK9CpRSmUK2lbSgK8nRHoYJKELaODy5yj9THTumDso8luZwhTbik1CVPEGlaVoUDljC4lMJmcYmphtrVpmF6zV1rQnfnQctTu5Y3HwsISjS+WSlKU9wJ2Ru+UVGDmU8Vz8qiuvd7ITNkcxsK+Kk+xzgWOKkpZMkpu5tLtQq7MBRzypnQ1PXB0xPMLxiScuVanXXbCuUJplSvJGbkT3fL/AJ1I/aEaZ0/Hcl/vvYmJwejoE82lqYwFtW1rG3ne8VxVLNc6U5vXH3GXU4ngklNpuVNM7DuwqlNxJNKbwDSvfQ7whlMxgimXOK4t5CutahWFmj+2ufwaZ4ryVbP5Q2VU6dx+jCyRkZtSVI431h9hj03RzEuyGDsvKV2xKbF+UMievf1x5etlUu84y4ntjayhXjBp9kaTQvEeDz6pJStl5NU+WPeK+YQgYOmeiJVFyFQKhUXoMai4TWOiq6OgUE8rHHT5J+yLJAq7MSX6Wx+8TFsrg2LTy06qUU2n5x3YHrzPUI0+EaGty8y3Nzsyp5xtaVobb2UBQIIJ5TQgc3ijJM5krNSgQUymKkJglAgyZQKag5owA3BrcSALXW+0q8kwTJNWM3eF7OSLESyXUbT6UpVXkJNILblGP7X6j7oSg2VgRxMXTEslpnWJcU5u5MoFujAAcb/qp76P1hGUQnbujTY84lGFPfR+sIxasekpe5W04puuyiijUbxQGoNct3sMLJutDxo3mCucHZt75XGi6exvD9ltybbuVW22p3CpqQCBlzxjdFNJX5qTU5iTercSoW5BsEHmuIrCecmGpjGEvJ4quEA7siEgEVGW8HMZZgjKObHi5TdlZqnR6My806hLjbqVJVuUlVQYpnsVYw/V69Su2KITamu6la59IhPgeKy3AJeQTcp5to1SmnIQDUA1G8bxnD6RxCWa1mtS4m62naVL567gackUk+JBKxbjWOS2Dyaph91NqVKHHptBJUE8uZAGXSIjOysy68mYkVOXJyWptWeW4+qPOvhBmnpuW1a0qtTPOFGXeBtAFabjWu/kpG9exLVSdzbmpuyTsVzpWmYNMj6jzGKODcVRoypgkxhz62XHptp5VrRtUrmqN8JG0JXLJ2bbacp5CILmcYxB1lTapm5Kk04qRlSlN0LROK2rkpbuVUNt0IHLkTnFsSlFNMM2mWIl02RSGu6Uxxn0+D7PfHxucaW9/FGadgTQ7Q38SYr+gPfVMaP4NLfuJk7nLd/fDohCg34Div6A99Uw8+DeYZa0HkwtSbs8uXcI7se8Z53mNLbMZ8LH+mEtaq7uBP7xUZAJYXhs+lxKlOapJYVWliwoEkjlBSFDxkRr/hVcS7pZKKb4vAB0fhFRh3+9iUi+LeOP6B23VIteTxkqCx4wQRGgViUovFZV7XpS2nWV6KgUrGcQOMnwVf4iH+BO62Zw5PfN69B8ySPUfVCwdFkGYPisjLyCW3JlKVa1w2q6VqI9RhbiE4w1jzeIyjqXE3JWu30VDrHtjR6Pp+Kk/nXv3iohpPI8IwdTiU7UuoL+juPqNeqGb0GtGU0hEtMYwqYkl6xLiBrLQRaoZcvQB64XNOPyjzbybkqbUCnxg1HVGkWnstoYpP4xIK66JGX7Bp4xGWSb4R9iv8nrWGzaZuTbmG+K4kEdfJB6TGK0HxC9l6QUr5PbR5J3+Y59cbJBjHRF2rLro6IVjo1DFiGkoi1tab4g2w66vZSpxXqgOcxzCcMWpl+bS9MJ/ASlFqFKbzuSc9xNeiGkyQ7QpPhRekRkJPSeZxCZcbYablWUoBTq6qXnzrI8e4DxmNNhiFIk03XXKUTtVqd2ecTYRg3BiIEbgtAiTAVy47SnyYJTFEsO0p8kRekQLMLdIsSclEYVLNK++pqi/JFBTzqB6oJTAGkEk5MTmGPJ+TlXVFedKAgGvTmkDrhglPFgMB55LtaTaRonVJx1LcumbdZ1fAm1UCFUArkd1IirQLFnbdbizSrRQXYehVAMgBVW6nJDzQgdwYj/ALUmfrCNQlMUGSVHnkt8H2KSiFJaxZhN1P8A2xHJmOXojh8HmKIWpSMZZTdvtw9AB6ro9Gt4v88hiYTCoJhmdGdKGUJS3pMlOrSQn4vbNAaEgAnIZDdzCCEYRpii63StO1/9a17+mNkREbYDSfZjzqe0DxvEEKTN46ly5ZWruJKdogAnJQ5AINRorpGtKm16UBIyuScMQoZbq50Mbgpik8dWypW7i9cOCkYdzQ/H/wD5M0r/APkte+KfuSx3vsZZV+V2MaB9sbtSv7pXq98VE/3SvV74ZSZuKMOvRDG1o/rlPlcAb98UjQzGUbSsWSr/AIJA/wC6N8Vf3bnq98RK/wC7V6vfFo77EaRg5BE7IvY/hk3M65LeEOODtSUgEpPNXk6eWNHoAy87ohJqbbUpPhVHMOcwnnV/0k0k2bfiNX1TDP4P3XE6JyqUvOJTnspIA5I6sWtI8f8Ak2ljTkn36M38JaHE6TyiXE2q4F/3nmjOSI+U6vtjRfCOpStI5ZSnFOdx8ZRr35hBID5Tq+2ObJ9mdviNPDFr8exVOosxJX5XtFPfBujyktY23cpKU2q4yqCtKcsDYkntyleCsHqOR9sRSEoeZcc+TStN9uRtJAND4okuzpNjo++wjCkpU8ylWte4ywPwiiN5grFZiWXg86lL7KlKl3AEpcSTxTuFYWYLgMpNyGscceu1ro2VgCgWoDk5hBGIaOSUvhs28lUxc2wtablilQkkVFI1ooroWaJLaRJzqXHG03OjZUoCooeeMvPyyZLEpiXbWlTbazYpKqgpO7PxEV6axpNGMJlsQlppT6nO1ugDVqA5Cc6gxRpNgzWEsszMslSm1LKHNZnvFQailNx9UZsSviKMIxDsfirM1dspVRfkHI+bf1CPWGDeiPHVC/vU/Rj0fQvEOHYOltSu2S6tWeeg3HzUHjBjWNje6NDbHROkdGssZzGkYzjHa1TqpeVz7QxVCTupUjMjfkajOB8L+D9/jPuJbZUmilKuFRUHIAgncObxxuWpdiX+TauV84r7ByRabl8bagMlQJh2EYfhiO5mLlfOKSK55mgGQ8e/nMHiIgRJMKwhDUFtiB5dF8dM4g1Kdrb2nu+VyI8fT0RNgCJZFjKfJEXgQjamnPn1QSiaV86qFsxZisxwdm1KdY45khu6lcxUk0yAG8+LlIirsgr+yJ9P/CPi3WtpXfK4yuU+MxUqZTGAJdAdvDcRV/8AazPtBjVpEZX4P/6qxH/akx7RGtAijGXR1OL/ADyGJUjqcX+eQxMCAEjSPgEW0j4E7EYBWUxTTbV1fbBJTA60KW8q1xSd3FCennBgmIkRWoRJTSvn3PRT7orU2r59z0U+6MgnwxBccW1fPueZPuiC0K+fc8yfdFosBjJ8/wBJNJP9hq+qYxMmU8DbuSlWyOMAfbG0nx/SfSTau+IzzeCebKMRKnuNvyRFYzcXohOKfYSplU282lq1NqSOLQZkcw6IucYdwxnWXJcU4oDloMieuKpVyyZSqDcYN8m2r8v7DE5y5StjRilHQleSqbuSr8Jls+KkDI7bLbXGUmnX/wCYYSn35L/nUfWEDTMvwHEpuU71t02+ScxAZjZaH7ejzPlufXJ9hEM8XHxJP/o7n1TGIwXGZ7DNdKSyUqSpeutUgqOYANKHdkIPmtIcUmJN5l1hKW3GlIX3OoZEEHMnLKFaKKWgjQYdxz/59P1TDLGpBOIYa9L984nLyhmPWBGWwHFZ7D0TDco0lSXFgq7WpWdCN43Qc9j+Lr/Fk/8AJV74PsyeqMe34KuMnI3b4f6I4j2Px5tKldrmu1nyt6T56j6UKJlmZXMuPONatTyitSbbRUkk0BMUHWM7XF5lJ3g8hEAmrWz2ysdCvBsYZn8IlplbqULcRtpB3KBofWDHQLOg0yREolbH1Kb4whGPrrrEozrH1eSnfU8wHKYonsRYw9FvyjyuKn7TzCM5MTTsw9rH1XK9QHMByCFZhlM4q/ML2VKbT3qUqp5yN5igPK8KA0qiwGEYApMwrwo+ibV4SoC2lxMJVAoxdMTDvhK9KBlzLnhK9KLFNKXEeCqX3sYwT8HrzSMHmkuutpUqfeNqlgGhtzoeTfGvTMMfPt+mPfGAwqXnsJZcZln1atTql7SUnMmp3iGiZrGf7Sr0E+6GbCujW69jZ7e3xvDHMemLQ8x8+36YjKIfxtf4z6k+6CW0Y6v8bT6KfdAsxpNa38636Yj6HGrPlG/OIRJk9IF/jzfmT/DE+AaRf25v9n+GBZrQ4U618636Yikut3q7a3yd+IULk9Ikfjrfop/hgVxGOo402nzJ90GzD1b7Hz7fpiKlzDHz7fpj3xnVzmJS608JmVbXFtSnk38kfHJqZdR8ur6OXsjlyeXDHLi07OrF4sskeSeh8p9j59v0x74ocnZT+0s+mPfGYcCu+gZaYEfNT6Rf+lXbPk+b8e0ieTtNqwZQS4nikhOYB3EjmjDyx7mb8kRtShPfJhRiGDNLRdKWsq8G3Z6hyR3Y80ZKzjy+NKL1sSoO3F0y+pcsltXeqr6jHdj5nvVJ9H/GIOSUz3yk+j/jFbs5trRCV+/Jf86j6wgrSxjg+NtzHezCCFeUk+6kDy8s+1MtuXcVQPF5jXng/SWa4dgiVOJtmJV0LTbuKTkacxrTLohWzLoB0eneBaSSbl1qXFahfiXkP2qHqj0DGj8Q4j+iu/VMeUKUqzZVareFcx5DHp83N9kNDJifSn5aQcX4iUGo6jUdUZ9Bg+xP8H57jn/z6fqmNK+IzXweJvkJ/wDPp+qY1jjavBVCvspDoxOmshwjDUzCU9sl1V+iaA+uh8QMYxB76PVJ+WTMMuMuJuS4koPiIofbHljjDkpMvSjnyjKyFe/xf4Q5Oa3Z92vCV6RjojWOgCnrui6l8PcQ44pxT6CVqUalRB3knor54Z4pjQl1ql5ZPbE8ZVMkeIHefV446Ojl8dtw2dvkpKejPqcUpxSlrUpasypWZV4zHAR0dFjmLExYI6OgMyJpEXIEdHQoS4CJBMdHQDH1pHGi9Ijo6AE5qbbX8lcvycvbSInFVtLV2riipuXTLl3Ax0dGMEM406tCVoa2FAEWuch6CBF/Zo/hA435VD7CY6OjAJqnVLgVb6r46OgmFOMElDVVUqvjcoJGR9vngaVmlXrbV8oil3Ma7j5o6OjyPMS5s9nxP80EvJStF0Arjo6OWB1g61R8lk65biVeCaeM7o6OjsjJ0TkkLXm7Hrf58UQNq0R0dHo+NN8kjzPKhHi5FdiY+TLCXZZxnwkkddMvXHR0d0jzkY9tWx6oKZmlIklM61dlDlcaUPR46+eOjoCFROSfUyhVrik3K70keyCjNu/POemr3x0dAKR6KnH317Ovc9NXvgRUsta7lEqV+UanzmOjoxivgS/C9cdHR0AFI//Z\",\"/9j/4AAQSkZJRgABAQAAAQABAAD/4gHYSUNDX1BST0ZJTEUAAQEAAAHIAAAAAAQwAABtbnRyUkdCIFhZWiAH4AABAAEAAAAAAABhY3NwAAAAAAAAAAAAAAAAAAAAAAAAAAAAAAAAAAAAAQAA9tYAAQAAAADTLQAAAAAAAAAAAAAAAAAAAAAAAAAAAAAAAAAAAAAAAAAAAAAAAAAAAAAAAAAAAAAAAAAAAAlkZXNjAAAA8AAAACRyWFlaAAABFAAAABRnWFlaAAABKAAAABRiWFlaAAABPAAAABR3dHB0AAABUAAAABRyVFJDAAABZAAAAChnVFJDAAABZAAAAChiVFJDAAABZAAAAChjcHJ0AAABjAAAADxtbHVjAAAAAAAAAAEAAAAMZW5VUwAAAAgAAAAcAHMAUgBHAEJYWVogAAAAAAAAb6IAADj1AAADkFhZWiAAAAAAAABimQAAt4UAABjaWFlaIAAAAAAAACSgAAAPhAAAts9YWVogAAAAAAAA9tYAAQAAAADTLXBhcmEAAAAAAAQAAAACZmYAAPKnAAANWQAAE9AAAApbAAAAAAAAAABtbHVjAAAAAAAAAAEAAAAMZW5VUwAAACAAAAAcAEcAbwBvAGcAbABlACAASQBuAGMALgAgADIAMAAxADb/2wBDAAoHBwgHBgoICAgLCgoLDhgQDg0NDh0VFhEYIx8lJCIfIiEmKzcvJik0KSEiMEExNDk7Pj4+JS5ESUM8SDc9Pjv/2wBDAQoLCw4NDhwQEBw7KCIoOzs7Ozs7Ozs7Ozs7Ozs7Ozs7Ozs7Ozs7Ozs7Ozs7Ozs7Ozs7Ozs7Ozs7Ozs7Ozs7Ozv/wAARCAC3ARMDASIAAhEBAxEB/8QAGwAAAgMBAQEAAAAAAAAAAAAABAUCAwYABwH/xABaEAABAgQCBAYMBwwGCQUBAAABAgMABBESBSEGEyIxFDJBUWGBFSMkQlJxcpGSobHRByUzU4KywRY0Q0Ric3SUorPS8CY1VGPh4jZkdYOEk7TC8TdFVmWVhf/EABkBAAMBAQEAAAAAAAAAAAAAAAECAwAEBf/EACQRAAICAgICAgIDAAAAAAAAAAABAhEDIRIxBEEiMlFxBRQz/9oADAMBAAIRAxEAPwDSCPoj5EkxZHQSCYipuLUiLAiDZgdpdmyri+yJ8TyVeqBRNyzs/MSTbvdEvaXW9xoUghQ5xmMxuPVW9Dn4NXV7oD2jIvjhFKTZsq+jFkQaocsESEVgxIQLMTESAiKRFqE3xuVGo+AR9ti1EuqLuC7aU7UI88I+w8Rc2jul76Psi+2CuApRc4lSlKVTqpl74+LlVI770oaPkw/IOINSOpEphpxpGstuT/O+KlId8L9mOrHkUuhXEmRECYrUHfnP2YqUl3531R1RIyRaVRFS4oUHfnf2YrUlz539mKqidFi197FK1piNHPC9UVIuW9tK2Upr7YzYUi5Gx2x3/wACM1pNpImSRq2tqYV8m3zclx6yKDpG8kCLNJdIm8PZ1bXbHlfJt853XHoFR48ucVx2HyqsTxiQ4drHEzk022tzMXgrCVAEcwJGW7PPeTOTrrsEp0NND2ZleNpnXkuK4Qw6NcrctSVJuAO40qK8grQVoSddiU83KIVc6ltKUgqcVmADUCg3qJoaAcxzABIYaQSzEljeDS8s2llluVmUIbQmgQkFmgFNw/nfCPSSUcm2dQxbrLAu5xYSkBK0gkk7gAsk8vMCcohNtQtdhwy5RsXyE5wvFcOmUtau2adbTcqqyLUKBUeUk1OVAMgN0IGZObxvXTD+plZRKyblJo0hSiKgACq1HIAAVNBzxocOwxUohlyWS5Mal8vlStgzCim02jMpQBnU1JpXPKGBlOCat6b1KnErQ22wlQQzLgqAISNxIBJJqa0NSdw5ldfLsv2IhgasSxFtzWPJS27elu229NrQTcRUDNom0VOYzFajSu4ensbLynCVNpZWheyKldqSBkCBvINTkCBF62+D4k8pStnVNlSlZd6K15BujN41pg3L6lvD0pe11aPXApoCRUAZnNJAOQy5YXsNKJXMNtzE+2q5x5yXdmBwJo0zW6sgqUckCigKmp30A3wFODVIZcUpntathmWQUtN1ooFJOayaGqjmct9Kw0mZtOy8m1tKVpecVxaglQz5DuzrU15t0fJfCZnE7lMMNplL6h99FAuiSAEpOaucE5VrvjUuzMZOaXyanFFnC5+ZbJ2XUIyX0iOgDDcXPY9rWKuVQ1OXOY6FDZrY+piMfRFzF6IvQIHbMFNwGAx0zhL89phPzLD6pdTLrQQ+3QqQotI3g5FNDmDv3Q3lppUwtUpNtJl59tNXWU5pcTu1jZO9BPWDkeQmErOtNaVYzJXN3OLZKUq3kFlIyrv3HKOxJbFklJYgpUpO3ngL7daocrQJSSKGoIFDkRkQYip02Z6QZfei1XhC3+eeLdWn8r0jAaA7MYa3MupSlxSDfq6hNwqCRUkgVFaVNI+ISrwnPSMUbvYyDQ2n8r0jFiW0/lecwElCvCc9IxchDvhOecwjGDEoT+V5zBcsjvfRgSURt7V30le+GjSEo72ODPNuVDrSLksqvu76CUt3W7MSZEXNp21RKELZGUwfVWelH1TKVwWpGxEbdiKvE4icwBxPe99Aq2m/wilfRg9Se3eeBnrb+LBxycHoqnYLNSqWmUuJ1m0r8IOgn7IBUmCDjHZCZmJJSbXJRab+moVQjooAeuK1x6/jSco23eyU012DqTFJTtq2lcbo5gebpgpQikDbc8r7BHckQbBlI/KV6vdAMzchClJUr1e6GTghdM8RUFxNGVmJ0glm3dJ8OllcWYdQ2vPMpKgDmMwaE59Pnd6RzuEvaeYFIYSpvUyL0uwpLSdhBDw2QdxpUVpy853Z/H5qWxbSGUZlHNq9LKHqEpBUoAqA3kCteTqqCWmkuC4fofpPgSmFOallTTj7jhqTR3aUeQZcgyAAy5+Scqna6JSim99m30n/ANJMK/R5rm52eTf/AD4oAmpNiYW2pxN2r4qeTkOY5aUHRy7wKMNJbvukwpP+rzJ38ymRu3cv81gGcWpDOzbcpSUJUoEgVUBUgEE0rWlRWm8Rn9UU8f6FE0vYTa+pu1dVJTmXhaoW+KpBqcshCHSHEVYnOJl5JLiVSswXnHFKCUipyBJ3jOvTTIGPk4+lGJSk20ly1OtQtxxQKnKJSrkyAFCAAAAa8tTEJeefm8VZTalOuqUstp50mhoBmTz8vLHPI6SeNPOu6MTHCVKcebUwhalJKSTrUncc6UI303bhujGMq4WzhUklVqm3VDa3bdKGu8Z5EdNc+TZ6QNKlsEnW1JtuLDltQTQOpGdCQDVJqASOmMTh8vNuzGtYlFKZk1Fxb6U0FBQ0JORpQ0pnnEwS7N+RKYfPtyikuYjOpr2xxFJdhQqMkVzNRTMk8tRAeGzU7MaT4dO4k+49c7qEbNEouUBUDcDRQBNOXOsET8rMr0hxF5ty3VqqjduOZNaE15PEYClWbHsOmFaxSWZhFqnd4NwJB6QeQ7ujOEscUB5TJLXgqI9cdEsURqcXnWvBmHB+0Y6CA9MiKlxEmIgRdmK32351Grbm3pPaB1jQSVftAinVAbcninY5mZ+6PEbnJhts7DNKKdCDTY30NfHDJB24GbmWkYJKXOpT3YyfNMpO6EbA0K5/RHEOzzk/h+KTM1OtsNuL1pbStYJUkhJstBAQKVHWIBXiT07JpU7pDiaVNrbS82820NTcsA1ojIgew0MbaWxGU7NvK16beCs8/It3o6YRYxJYNi2Ay9z+pnb0M69tKgq1ToBCqUuABqATkRlSJSTZkiGHYbPzbGq+6Gf1fBW3gGwzSq1ug0JQcu1g7+UxNjC59cjLv/dDiNzimwRRqm0oA02OYxfgS5bDUtyLr9ypfD5Zm5KVEEhb+6oB3EckXMYlLIwqSTtbLrPe8ywYG6DRJjAp9c+5LfdHidqWml7ma1UpYPefkDzmJMYNiC5CVmfukxG55TYOyzQXEA02OmDZXFpTs3MK7Z97sDdzKdr7RHS2KSnYfDk6zaSpm7ZPIR0QrUhgmVlnJF5yWdm3pvVpQvXO23bZUAmiQBQWc3LDZg96raheziEovFZi51NqmGBuPhO15OkR8lsRY4BLuKfuccSi7LlIqTkI5cuOXaHTvsfswQiFstNtu/JuXW7+for5jBiHkwkJ8XsjOLCYrUYhwhMVrei08ql0IoM+L75UCO+EqJOTbSF6tStrLZ8eQr46GKETaVoknrXE64pKk7xQoJp05080LGLey3Qnn8GfXiTzzWJTEopSWgpLSG+Y0qSkk0od55TCcYdiC2ZJz7osRTwi2tqGcqtlWWxzgRq5p9Ls49bdxmvqqhIyruPCPofuVR6fjwXEnKbrYvRg+ILecb+6bE9m23YZ5Qd+xAreH4ktmTc+6PEe61Jv2GeVory2OcAeKNC0ruyY+h7DC+XPceEeWj/plR3KCOWUhf2Jn1vTCfujxDtdKbDXKAc9iEuKyE6uQw5L+NTrjc680hxCtWBaoEkAhIO8f+Y2Sfvmd8pP1RGdxcdwYF+kMfuzDSiuIsJbEOLyctJaSYMywhLLaHmwhPOStPPUk8tczykjeW3wtIUvG5BlKdZrJelqRvJWR4zvhTpan+muAfnW/wB6mNN8IP8A6haN/npf/qBEMj+T/Qr1JFODYx2YldHnHVXTEvKTcu9nU3IVLgE9JTaeuL5tTruJW7Wpl1oWbTlQAHMDpoc+im4xmdG9Xh2nk/IJVbLpXNMst9KXAKDpsbHoxuJlvWyzjaVWqUhQSrfQkEA0icdxOqCpaMnMtq4HLqdateTMPtr5qWuqFKZD274D0fW7MYxLvOtJ1baSgvNgkEWqGRIBIqco1K5DWvJcm3VTCk1om21tFQQbUDIZEipqaEisWIZbaRa0lKUp4qUig80ScSyQMjCpZ2W4M42pyXSgItdpU0WV5gZAVOQzyArFs1JtdipiXbSlKVMLQlKU0AqkjIQUkxIi9FvhZeeJtDoCmrdTrm2EqcnUJFyqHe2CCAch1xnMOfal0TfC1XJmnVrQzao0tUCKdZPmjSS7PCNHpBxx1tltMuyVOOLtAISAc+rxGF6ZvBmtmWTMYu5cbUsItaFSTQqJApnvqYmkazOaSt2aST48J5SvPn9sdDHEMExTF55yf4Ky1rqGzWVpQAb6dEdDaEpmvpHR0QWuLyMDzsyppGzxlUHnNITMB13CmdVtK4UivU+CT6oLxFDjqLWHUtuXCilIuAoRyVFfPCJ/D8Sl5ZKeyGymYRxWSKEuDPJXOYWjM0rci5w9x5XyamkBPjClE+0eeKVS7TUhLpcdT8u0bknKt4OR5qwiRJ4kufcSrEE3apG0pkneVUyu6DF6cDndSlvhrdqVAp7m5QoEd9ziMaxwh5hGMTG1+Ls/WdgZtxPYqS2k/Kt/WEUN4ViSHlPJxBm5SUoPcmVASR33SfVE0YRiWpbb7JN2tqBT3JzGo7/ogNBsZMON9mHtpNuoa5fynIgw4nsVIbXfNe0QOnDcUQ8p7skzcpKQruTKgJI7/pMBIl8S4BK93M23N29ybt1M7s4mNZoWXPjKY2vwTX1nI+S7/cEgpSk/g9nqhe1huKIeU52SZuUlIPcmVBUjv+kxcjCsS1LbfZJu1ulvcvNkK7cBxYykaGTXZOOK73VNUV9JcGys66vDZV665TmrCutIqfHyxnmmsZaZtVijKuUXSdaD04qK8Sw9DcsnEmbW0pKbpLmqBXbz3QZ4ucFoHLZpxiKkTKk7KraeuteXoihGKPuy0q5cpOsSgqty3pJ6vFGYW5NzeJcJdnpdTyUJCXEyqgaG4HcsZ0Jz6eiIyyp7g0vbiCUpShNieDLNNkAD5TPLlicMLXaGbRp23r59X+7+sqB8VxHg+CYMrVtqu1be1yFTRoodIpl44USxxRc52rEGblJ4ypNRGVSMivphu7oZjkxLSrL2PyC2mLS0leHqrUJIFaOipoTDSgvYjkk02M3XdbMzCrUp2m+L0JVCdk9x4R9D9wuLnsE0ikrlOY7KOaxSeLhxpkDQ5ueOFi8PxlrgDKcWl7W12I7g3UaWAT2zPIEcm+sdvj/XXRzTGrP35MfQ9hgGXPc2EeWj/plRW3KY3wmY+N5e7Yu+L9+RplrMorRhGMoQy2nGZe2UULPi/mRaK9s5ieuOtNv0c0hgj75nfKT9QRnsY+8MA/SmP3aoZHDsbQtxXZmXucpd8XcwAFO2cwhNjEpPynYhMzPtPMtzrSEpTK6s5JUASbzyDmgyvj0CC2KdMP8ATbR7863+9TD74S5lqR02wKbfu1cuplxdoqbUvgmg5TQGMnpriDExjsnNYfMtucDRm40a0WDUUIyJBFd8IncRbnXtdNvzDilLSXXFba1i4VNSczStKnkAyjlm48nso420xpiWOJexVnFZSWU2pmafeClK2nEqfcWEkbgaKIOZ3x6c083MMtvNKubcSFoVzpIqD5iI8tRiujqMEm5Lgk2qacUvVvqCTRN5UgHayyAuoOffDfR/TiRwnB2ZDEGZtxxmqUKaSkpsrUA1UDUA03bgInGUUy0NG5XFCjGae+ErBkpVbJTouB7xHtvhvh+JN4nJtzbHFcTXa3jkINOUEEdULKSLRaYckxegwMkxcgxJji1OjWH3pU4lyY1fE16ysI6ADkB4hDNqVbaRalKUxYDEhE2E+WpjolHRjFClRUsxJRiEdTJiLSeRnp3CtXh92u1qTsrsNAc86iMqnRTSh3vXFf8AHJPquj0hKY+lpK4nIVxs84GiGlfzT368mv1o+/cnpb4L/wCuj+OPS0BxHFUr6Wfti5Diu+bu8nL1RNyaBxR5k3ohpav+0fro/jhm1oBpStF2smP1z/NG/RMsI42z5Sft3Q0lsUYst17fpCIznL0Uikjx+Y0N0taX+Mfro/jgb7k9K0bNr2z/AK8mnULo9yUzKOouU6n0oVzDcohfy7fnEaOR+zOK9HkQ0Y0r/wBY/Xh/HExo5pX/AKx+vD+OPSZ4MIllKYcTrMqWkHlHJ4oTLW586r1e6H5C0ZFGAaUeFMfrw/iiRwDSb++/XE/xRpVa/vVOK8n/AMRyUP8AfOOJ8rL7Iwwgl9GNInV/hP1sfxQxOhOkSGbkqc8nhP8AmjQSiJlpd3CU+l/hDF/GZnU6vWXfzyRzzlK9FVVHnbujmkzS9lT364B/3RSrBtK/n5r/APQ/zxrppyZXcrXq9XuiMw65KYPLuNatTilkFTia85jpxfLTJSoyKsF0r+fmv/0f88VnA9KfnJj8nu/dyZbfj88aBWKz3gy//KPvhtKLVMYVwt1LesscOyigyOWXVHRwoSkzD9gtKPn5j9f/AM8fDgelfz8z+v8A+eHy8Ym0Iutl/wDln3wTgWIzOJreTMpZ2UEjVopnUDlJ54WXxAoJmV7B6Wr2UvzCv+Pr/wB0VuaLaUzfa5lxzV7zr5krSOmgJPqjczzfxPNpSpLex8oqoA2hmSAT6oSuMJ4BKd3S/wAq5VVy9vZRu2amnTzxk7RnjSMXPyb+Hz7kkp3Wau3atIBBAIIB83VDiUwfDZjB5ebumNc48hlxN4oKuBJpllkajPlEVaTspaxjWJdbVrEpBSmtRRKSK1A35kUr1QJKKvZcZ1+rueaWlKtxzoTkCaioPirzCCtMSh3J6N4VMMuOOOTNyXnEbKxuSspHe76AQuVhko1pDwB1Typdz5JSVAKzGVSRTeCN0Eycpdb3clO25RO1XJxQqNmmdK58/JFWkLKpd6Xc17jjly6KVSotIIpQc5rBdV0ahVi0uxLzj0o0w82ptXGceCqjeDQJFKih5Y0eg2I2Lcw5Stn5Rv1Aj2HrMLMebvlpLE7lPcISELU5SqDSoTlTpHVC2QnVSOJMzafwaqqSnlG4jzEwjCnTPYEGLEGBJV5LzKVJVclSQUq5wYJSYB0BKTEwYpQYtBhAk46PkdAMBFyJCMOjTObv/q1v9YP8MHSWmanZyXlncNt1zqG7kv1pcoJrS3PfHS5pkeRrUxNIiKRFiRCSGLEJgtDUUNCGDDSlxGQBfNtdpV5JihlEEz5csctSm1KDxlUK8wCE89CRWtN8Ql+J+V3yd9DzRNvYSxN3hR8UzfBKEfkxMtK8GNRrFM81ZLK6vaISvKjR4qO4HOr6wjMvGMYnLK2PpGOmlbbPlK9kVyfE+kYsnGVLQzquNf8AYYrWhvRNuJ0i6WwzY7a7BgwtrwlelE3QtitwbCopxTYwSUu8PLzGGczhykIVaq6Bsfkpl3BJJuWYceUm0qS2KmltK59MUw/YzejOce63at8GsP8AD/6h/wB097YQKwjFL7ux7yd/eD3xoJCXfawTUutKS5Y9sqTnmcvaI7HQiMtM7DLmztW02q7yQOfpg3Rj7/mvzSvrD3RVMYXiC0JSmUe44u2eQZ/ZBeASM3KTk2qZlnG0qaIClJoDtAwmZK9Gx2Hz+r7Dzusuts2tWoBVLhuJBEI3jI8Aku1TXyrlnbE14qK1NufJ64ezZV2Hm1NNaxVmylSLwdoZUoa+KEzqpngcr3C38q5VPA0mzJFDSmVc8+WnRAxr4Bm9ibSZphfClNNva5nVObS0lNAlNaAAHcefkMIWFJ4SypXFvTW1VMqjl5I27zLsxPzDLksnUuNWFWoAJq0AdqlTnlvypSMEhKrNWrZUmqFc4Iy6jAmqdkzSSLsmlxNylXXrp2xITTWKIqKb6GCMS4NPTkuzr2bVImBdemgJCaE5849UUYQtTzLLi5ZCkuFayrg6TmXFVzpl4uSGEw032bkE6pviv8gpuTSGigvoTYcWp3R6cwx9xLbie2M6xYGe+gJ6R+1GfQlVl1qvMYcyDvAcYZedSnUvLWFXAUtK1J5eYgHqgfH5VUjjbzf4NztiPEd46jUdUTYPRrtCsS4RhXB1K7ZLqs+icx5sx1RqUmPLdGsQ7H4w2pSu1vdrX17j56dRMenNKhS8HaCUKi5JgZJi5BhWOXVjojWOgUY8mSNtPkn7IvlR8a4d+mM/vEwODtp8k/ZBEofjXDv0tj94mD7OY9PRFqYqRFzYikigVLIvXDuWSlCIWSyYYtqiLAZxU7La5vWNPKUzrV7NO/NTlXOmdOo8gi7CUtru1CXtXl8qpOXQKDPrMKp7CpuYxLhLGrU3bspU8kZ1yJBIHnh5hQsZtUlKXvwuroQaZBQIyOVBz5cwERbfLoo0uPY1bbTFhSmK0mPt0MTF2PIT2KeV5P1hGKf8mNpjp+J3vo/WEY9YhkrCilmbYl0WqU5xvmjB8tOyjq02uuazvU6pQr18kMtG9HZadmdZPJ1iU5hmtB4zTf4oaYho3Iys/wAJlG9Tcn5NPF8YB3Ho3QrzRviF2DyjSnfCg0yavCiyWSlCIJKoAgneZUjjQhxZczKdsTMzGr73tiqAAE0HJyRrnLVwtmMPTPItafSlSVeBWhoRz9MDm4rQ8dmHRis67PqZ4TMalKEruSpRzJHTzE+aKJ6bxlbzfY1+acZUnbVcokbRBoQcsh6odzmDuYe8px+bZTcsFOQBqE0yqOau7nMK5YcBQlPC7kpyNqDuryCmW/2mLLJk4pxVhcYopRNYgt5KeEzWygfhVb8+noPmMRM1PcJ1apuY6U65XrzihxhTr2uaxBSXk0I2VBPGrmncRSooec88WlCdc2rhKnnLaG5BFd2dScz0UG/KNbe2Dro0MpMcEkJiZt1mpl1uW130BNK9NIDltK52blkvNYE4pKk1SpLqj6wilYvT/UmJ/oT31TGh+DRhK9CpRSmUK2lbSgK8nRHoYJKELaODy5yj9THTumDso8luZwhTbik1CVPEGlaVoUDljC4lMJmcYmphtrVpmF6zV1rQnfnQctTu5Y3HwsISjS+WSlKU9wJ2Ru+UVGDmU8Vz8qiuvd7ITNkcxsK+Kk+xzgWOKkpZMkpu5tLtQq7MBRzypnQ1PXB0xPMLxiScuVanXXbCuUJplSvJGbkT3fL/AJ1I/aEaZ0/Hcl/vvYmJwejoE82lqYwFtW1rG3ne8VxVLNc6U5vXH3GXU4ngklNpuVNM7DuwqlNxJNKbwDSvfQ7whlMxgimXOK4t5CutahWFmj+2ufwaZ4ryVbP5Q2VU6dx+jCyRkZtSVI431h9hj03RzEuyGDsvKV2xKbF+UMievf1x5etlUu84y4ntjayhXjBp9kaTQvEeDz6pJStl5NU+WPeK+YQgYOmeiJVFyFQKhUXoMai4TWOiq6OgUE8rHHT5J+yLJAq7MSX6Wx+8TFsrg2LTy06qUU2n5x3YHrzPUI0+EaGty8y3Nzsyp5xtaVobb2UBQIIJ5TQgc3ijJM5krNSgQUymKkJglAgyZQKag5owA3BrcSALXW+0q8kwTJNWM3eF7OSLESyXUbT6UpVXkJNILblGP7X6j7oSg2VgRxMXTEslpnWJcU5u5MoFujAAcb/qp76P1hGUQnbujTY84lGFPfR+sIxasekpe5W04puuyiijUbxQGoNct3sMLJutDxo3mCucHZt75XGi6exvD9ltybbuVW22p3CpqQCBlzxjdFNJX5qTU5iTercSoW5BsEHmuIrCecmGpjGEvJ4quEA7siEgEVGW8HMZZgjKObHi5TdlZqnR6My806hLjbqVJVuUlVQYpnsVYw/V69Su2KITamu6la59IhPgeKy3AJeQTcp5to1SmnIQDUA1G8bxnD6RxCWa1mtS4m62naVL567gackUk+JBKxbjWOS2Dyaph91NqVKHHptBJUE8uZAGXSIjOysy68mYkVOXJyWptWeW4+qPOvhBmnpuW1a0qtTPOFGXeBtAFabjWu/kpG9exLVSdzbmpuyTsVzpWmYNMj6jzGKODcVRoypgkxhz62XHptp5VrRtUrmqN8JG0JXLJ2bbacp5CILmcYxB1lTapm5Kk04qRlSlN0LROK2rkpbuVUNt0IHLkTnFsSlFNMM2mWIl02RSGu6Uxxn0+D7PfHxucaW9/FGadgTQ7Q38SYr+gPfVMaP4NLfuJk7nLd/fDohCg34Div6A99Uw8+DeYZa0HkwtSbs8uXcI7se8Z53mNLbMZ8LH+mEtaq7uBP7xUZAJYXhs+lxKlOapJYVWliwoEkjlBSFDxkRr/hVcS7pZKKb4vAB0fhFRh3+9iUi+LeOP6B23VIteTxkqCx4wQRGgViUovFZV7XpS2nWV6KgUrGcQOMnwVf4iH+BO62Zw5PfN69B8ySPUfVCwdFkGYPisjLyCW3JlKVa1w2q6VqI9RhbiE4w1jzeIyjqXE3JWu30VDrHtjR6Pp+Kk/nXv3iohpPI8IwdTiU7UuoL+juPqNeqGb0GtGU0hEtMYwqYkl6xLiBrLQRaoZcvQB64XNOPyjzbybkqbUCnxg1HVGkWnstoYpP4xIK66JGX7Bp4xGWSb4R9iv8nrWGzaZuTbmG+K4kEdfJB6TGK0HxC9l6QUr5PbR5J3+Y59cbJBjHRF2rLro6IVjo1DFiGkoi1tab4g2w66vZSpxXqgOcxzCcMWpl+bS9MJ/ASlFqFKbzuSc9xNeiGkyQ7QpPhRekRkJPSeZxCZcbYablWUoBTq6qXnzrI8e4DxmNNhiFIk03XXKUTtVqd2ecTYRg3BiIEbgtAiTAVy47SnyYJTFEsO0p8kRekQLMLdIsSclEYVLNK++pqi/JFBTzqB6oJTAGkEk5MTmGPJ+TlXVFedKAgGvTmkDrhglPFgMB55LtaTaRonVJx1LcumbdZ1fAm1UCFUArkd1IirQLFnbdbizSrRQXYehVAMgBVW6nJDzQgdwYj/ALUmfrCNQlMUGSVHnkt8H2KSiFJaxZhN1P8A2xHJmOXojh8HmKIWpSMZZTdvtw9AB6ro9Gt4v88hiYTCoJhmdGdKGUJS3pMlOrSQn4vbNAaEgAnIZDdzCCEYRpii63StO1/9a17+mNkREbYDSfZjzqe0DxvEEKTN46ly5ZWruJKdogAnJQ5AINRorpGtKm16UBIyuScMQoZbq50Mbgpik8dWypW7i9cOCkYdzQ/H/wD5M0r/APkte+KfuSx3vsZZV+V2MaB9sbtSv7pXq98VE/3SvV74ZSZuKMOvRDG1o/rlPlcAb98UjQzGUbSsWSr/AIJA/wC6N8Vf3bnq98RK/wC7V6vfFo77EaRg5BE7IvY/hk3M65LeEOODtSUgEpPNXk6eWNHoAy87ohJqbbUpPhVHMOcwnnV/0k0k2bfiNX1TDP4P3XE6JyqUvOJTnspIA5I6sWtI8f8Ak2ljTkn36M38JaHE6TyiXE2q4F/3nmjOSI+U6vtjRfCOpStI5ZSnFOdx8ZRr35hBID5Tq+2ObJ9mdviNPDFr8exVOosxJX5XtFPfBujyktY23cpKU2q4yqCtKcsDYkntyleCsHqOR9sRSEoeZcc+TStN9uRtJAND4okuzpNjo++wjCkpU8ylWte4ywPwiiN5grFZiWXg86lL7KlKl3AEpcSTxTuFYWYLgMpNyGscceu1ro2VgCgWoDk5hBGIaOSUvhs28lUxc2wtablilQkkVFI1ooroWaJLaRJzqXHG03OjZUoCooeeMvPyyZLEpiXbWlTbazYpKqgpO7PxEV6axpNGMJlsQlppT6nO1ugDVqA5Cc6gxRpNgzWEsszMslSm1LKHNZnvFQailNx9UZsSviKMIxDsfirM1dspVRfkHI+bf1CPWGDeiPHVC/vU/Rj0fQvEOHYOltSu2S6tWeeg3HzUHjBjWNje6NDbHROkdGssZzGkYzjHa1TqpeVz7QxVCTupUjMjfkajOB8L+D9/jPuJbZUmilKuFRUHIAgncObxxuWpdiX+TauV84r7ByRabl8bagMlQJh2EYfhiO5mLlfOKSK55mgGQ8e/nMHiIgRJMKwhDUFtiB5dF8dM4g1Kdrb2nu+VyI8fT0RNgCJZFjKfJEXgQjamnPn1QSiaV86qFsxZisxwdm1KdY45khu6lcxUk0yAG8+LlIirsgr+yJ9P/CPi3WtpXfK4yuU+MxUqZTGAJdAdvDcRV/8AazPtBjVpEZX4P/6qxH/akx7RGtAijGXR1OL/ADyGJUjqcX+eQxMCAEjSPgEW0j4E7EYBWUxTTbV1fbBJTA60KW8q1xSd3FCennBgmIkRWoRJTSvn3PRT7orU2r59z0U+6MgnwxBccW1fPueZPuiC0K+fc8yfdFosBjJ8/wBJNJP9hq+qYxMmU8DbuSlWyOMAfbG0nx/SfSTau+IzzeCebKMRKnuNvyRFYzcXohOKfYSplU282lq1NqSOLQZkcw6IucYdwxnWXJcU4oDloMieuKpVyyZSqDcYN8m2r8v7DE5y5StjRilHQleSqbuSr8Jls+KkDI7bLbXGUmnX/wCYYSn35L/nUfWEDTMvwHEpuU71t02+ScxAZjZaH7ejzPlufXJ9hEM8XHxJP/o7n1TGIwXGZ7DNdKSyUqSpeutUgqOYANKHdkIPmtIcUmJN5l1hKW3GlIX3OoZEEHMnLKFaKKWgjQYdxz/59P1TDLGpBOIYa9L984nLyhmPWBGWwHFZ7D0TDco0lSXFgq7WpWdCN43Qc9j+Lr/Fk/8AJV74PsyeqMe34KuMnI3b4f6I4j2Px5tKldrmu1nyt6T56j6UKJlmZXMuPONatTyitSbbRUkk0BMUHWM7XF5lJ3g8hEAmrWz2ysdCvBsYZn8IlplbqULcRtpB3KBofWDHQLOg0yREolbH1Kb4whGPrrrEozrH1eSnfU8wHKYonsRYw9FvyjyuKn7TzCM5MTTsw9rH1XK9QHMByCFZhlM4q/ML2VKbT3qUqp5yN5igPK8KA0qiwGEYApMwrwo+ibV4SoC2lxMJVAoxdMTDvhK9KBlzLnhK9KLFNKXEeCqX3sYwT8HrzSMHmkuutpUqfeNqlgGhtzoeTfGvTMMfPt+mPfGAwqXnsJZcZln1atTql7SUnMmp3iGiZrGf7Sr0E+6GbCujW69jZ7e3xvDHMemLQ8x8+36YjKIfxtf4z6k+6CW0Y6v8bT6KfdAsxpNa38636Yj6HGrPlG/OIRJk9IF/jzfmT/DE+AaRf25v9n+GBZrQ4U618636Yikut3q7a3yd+IULk9Ikfjrfop/hgVxGOo402nzJ90GzD1b7Hz7fpiKlzDHz7fpj3xnVzmJS608JmVbXFtSnk38kfHJqZdR8ur6OXsjlyeXDHLi07OrF4sskeSeh8p9j59v0x74ocnZT+0s+mPfGYcCu+gZaYEfNT6Rf+lXbPk+b8e0ieTtNqwZQS4nikhOYB3EjmjDyx7mb8kRtShPfJhRiGDNLRdKWsq8G3Z6hyR3Y80ZKzjy+NKL1sSoO3F0y+pcsltXeqr6jHdj5nvVJ9H/GIOSUz3yk+j/jFbs5trRCV+/Jf86j6wgrSxjg+NtzHezCCFeUk+6kDy8s+1MtuXcVQPF5jXng/SWa4dgiVOJtmJV0LTbuKTkacxrTLohWzLoB0eneBaSSbl1qXFahfiXkP2qHqj0DGj8Q4j+iu/VMeUKUqzZVareFcx5DHp83N9kNDJifSn5aQcX4iUGo6jUdUZ9Bg+xP8H57jn/z6fqmNK+IzXweJvkJ/wDPp+qY1jjavBVCvspDoxOmshwjDUzCU9sl1V+iaA+uh8QMYxB76PVJ+WTMMuMuJuS4koPiIofbHljjDkpMvSjnyjKyFe/xf4Q5Oa3Z92vCV6RjojWOgCnrui6l8PcQ44pxT6CVqUalRB3knor54Z4pjQl1ql5ZPbE8ZVMkeIHefV446Ojl8dtw2dvkpKejPqcUpxSlrUpasypWZV4zHAR0dFjmLExYI6OgMyJpEXIEdHQoS4CJBMdHQDH1pHGi9Ijo6AE5qbbX8lcvycvbSInFVtLV2riipuXTLl3Ax0dGMEM406tCVoa2FAEWuch6CBF/Zo/hA435VD7CY6OjAJqnVLgVb6r46OgmFOMElDVVUqvjcoJGR9vngaVmlXrbV8oil3Ma7j5o6OjyPMS5s9nxP80EvJStF0Arjo6OWB1g61R8lk65biVeCaeM7o6OjsjJ0TkkLXm7Hrf58UQNq0R0dHo+NN8kjzPKhHi5FdiY+TLCXZZxnwkkddMvXHR0d0jzkY9tWx6oKZmlIklM61dlDlcaUPR46+eOjoCFROSfUyhVrik3K70keyCjNu/POemr3x0dAKR6KnH317Ovc9NXvgRUsta7lEqV+UanzmOjoxivgS/C9cdHR0AFI//Z\"]', '2026-04-01 09:43:25', 1, 4, 6);

-- --------------------------------------------------------

--
-- Table structure for table `room_members`
--

CREATE TABLE `room_members` (
  `id` int(11) NOT NULL,
  `contract_id` int(11) NOT NULL,
  `landlord_id` varchar(100) NOT NULL,
  `full_name` varchar(255) NOT NULL,
  `phone` varchar(20) DEFAULT '',
  `id_card` varchar(50) DEFAULT '',
  `dob` varchar(20) DEFAULT '',
  `note` text DEFAULT NULL,
  `created_at` timestamp NOT NULL DEFAULT current_timestamp()
) ENGINE=InnoDB DEFAULT CHARSET=utf8mb4 COLLATE=utf8mb4_general_ci;

--
-- Dumping data for table `room_members`
--

INSERT INTO `room_members` (`id`, `contract_id`, `landlord_id`, `full_name`, `phone`, `id_card`, `dob`, `note`, `created_at`) VALUES
(2, 13, 'u_19', 'a', '123', '123456', '2026-05-06', '', '2026-05-06 06:33:46'),
(4, 17, 'u_19', 'a', '12345', '1111', '2026-05-06', '', '2026-05-06 07:02:06'),
(5, 23, 'u_19', 'thien db', '0987654321', '123123431234', '2026-05-12', '', '2026-05-06 13:35:55');

-- --------------------------------------------------------

--
-- Table structure for table `users`
--

CREATE TABLE `users` (
  `id` int(11) NOT NULL,
  `fullName` varchar(100) DEFAULT NULL,
  `email` varchar(100) DEFAULT NULL,
  `phone` varchar(20) DEFAULT NULL,
  `address` varchar(255) DEFAULT NULL,
  `dob` varchar(20) DEFAULT NULL,
  `id_card` varchar(30) DEFAULT NULL,
  `avatar` mediumtext DEFAULT NULL,
  `password` varchar(100) DEFAULT NULL,
  `role` varchar(50) DEFAULT NULL,
  `uid` varchar(100) DEFAULT NULL
) ENGINE=InnoDB DEFAULT CHARSET=utf8mb4 COLLATE=utf8mb4_general_ci;

--
-- Dumping data for table `users`
--

INSERT INTO `users` (`id`, `fullName`, `email`, `phone`, `address`, `dob`, `id_card`, `avatar`, `password`, `role`, `uid`) VALUES
(1, '123', 'tranthiendn@gmail.com', '123', NULL, NULL, NULL, NULL, '123456', 'Người thuê', 'u_1'),
(19, 'A', 'tranthien@gmail.com', '123456', '123', '13/04/2026', '1111', '/9j/4AAQSkZJRgABAQAAAQABAAD/4gHYSUNDX1BST0ZJTEUAAQEAAAHIAAAAAAQwAABtbnRyUkdCIFhZWiAH4AABAAEAAAAAAABhY3NwAAAAAAAAAAAAAAAAAAAAAAAAAAAAAAAAAAAAAQAA9tYAAQAAAADTLQAAAAAAAAAAAAAAAAAAAAAAAAAAAAAAAAAAAAAAAAAAAAAAAAAAAAAAAAAAAAAAAAAAAAlkZXNjAAAA8AAAACRyWFlaAAABFAAAABRnWFlaAAABKAAAABRiWFlaAAABPAAAABR3dHB0AAABUAAAABRyVFJDAAABZAAAAChnVFJDAAABZAAAAChiVFJDAAABZAAAAChjcHJ0AAABjAAAADxtbHVjAAAAAAAAAAEAAAAMZW5VUwAAAAgAAAAcAHMAUgBHAEJYWVogAAAAAAAAb6IAADj1AAADkFhZWiAAAAAAAABimQAAt4UAABjaWFlaIAAAAAAAACSgAAAPhAAAts9YWVogAAAAAAAA9tYAAQAAAADTLXBhcmEAAAAAAAQAAAACZmYAAPKnAAANWQAAE9AAAApbAAAAAAAAAABtbHVjAAAAAAAAAAEAAAAMZW5VUwAAACAAAAAcAEcAbwBvAGcAbABlACAASQBuAGMALgAgADIAMAAxADb/2wBDAAYEBQYFBAYGBQYHBwYIChAKCgkJChQODwwQFxQYGBcUFhYaHSUfGhsjHBYWICwgIyYnKSopGR8tMC0oMCUoKSj/2wBDAQcHBwoIChMKChMoGhYaKCgoKCgoKCgoKCgoKCgoKCgoKCgoKCgoKCgoKCgoKCgoKCgoKCgoKCgoKCgoKCgoKCj/wAARCAC3ARMDASIAAhEBAxEB/8QAHAAAAQUBAQEAAAAAAAAAAAAABAADBQYHAggB/8QAZBAAAAQDBAMGDgsKCggHAQAAAQIDBAAFEQYSEyEUIjEHIzJBUWEVFiUzQkNScXKBkqGx0SRTVGKCkaKys8HSCCY0NXN0dZOV8DZEY2SDhbTT4eM3RWWUo8Li8RcnVVZ2hMPy/8QAGgEAAgMBAQAAAAAAAAAAAAAAAgMAAQQFBv/EACoRAAICAQQBAwQBBQAAAAAAAAABAhEDBBIhMSIFMkETUXHwMxUjYYHB/9oADAMBAAIRAxEAPwC+Fjoscx2SNKNY4UkNnRgkgQ8CcXZAFsph6inW/mw/1v8AJn+TEcD9m4mz6XILezmdwyyWwaGKUwGDlDWDMNg+KpSa3aVPg+qKfkiIMhFgYg4eop8GHoyuO0aPljssMgMdlgbIPFjsAjggQ+kTEib9pKPgBH25BKbQ8E6DvhCa8Lerxw+S9hCN0/Zrv4Hogq5El0LIniLJnOdQ9Pg0y9ccLMTp9n5cHDXY/uVsAaQqR29QWbp41y+n++2Bzprd38mN2HNGfQDgOmCGjDDBwW9u+TA5yLe3fJjdAzTiEmPDZ1IDOC3t3yYYORb275MPVCaCFlOwgVZQkNUW7v5MMJ31HO+H3shb3piNhJBSO978v/8AyEULdCtkSWJYSGu+P1lLueLEN4xCgc4bREAh7dAtejKG2Ehvzo/WUu6NsvG96FQ7+XKFcukbE87tJJ+i2MsnMXyKCiuZcQDKgQ4FMHIAmDLZnntEVTlt67Bnk2lh3KmzxS1KcxdEWPpjZcukH2KHIcl8CjsGl4teIK0CtBEdMtBNEWCZ8RYiKZCgYyp9YCgNQCgbTmGg0KHIOYAAiE3blm2ltqbKtGKJGzVFi9STSSLdBMgC1oAU2B++2Kfb6XrTBtozQSY+ECt9VQCEKBFSAJjGHYAAoYR4+QBHKMmWTWPdHsLTT3xshpNMdPtBI3aaODcfLoFvmvKGDDSOAqG4zCN4cqAGQBsilNZc/tNpbt3ozCWkVE185bqCZziFQAACqpxyACgFRoHLF4kMkOwTarMCLPNGcmdmOfexeHFO4NwuYppAXOo1Ebtc8omzMNAwHEy0Y65FU0EWhDAk3ZgYwFMCZdhjAAmMI1GtBqI8EMauvPs1e4pwWXPOp0irjOSESXxSpXbmIS4gUmIIVANZATXAqOZcy1vBfnMpJ0EYsdMOim2VTV1C3hUuFEA1QEA2iA1HIBAILWR0SdujqH3vARMY58u1hWvEGyKJa3dDRaaKjJiEc6RW64vAJKFEwVAAzNmQwAOQZccB2XSgMPUkXc2QPfWcrtF3Zehjc1M1HCogJzjqphQ4BeGo7aAG2Iqaho6bRZQ7beTb23ZJiRBGtDgJDDrKCN0anNmOW2lYsL9+TUcJ3EUyKkcrH4F4DCoGfEPBzrUa8myOWUgeTvEO0bIkluLeK7dJ0BShRAATIOZ+UBHKtdsTauyMnnG6EwMsczaSTh4iI6rhNPVUDlCFELZ+0Bug7bGNeUoNRyz1hhQIVmlx0SOI6LGkgYjBiYQCgMSDeKYJl0wkDmZ7pE5dtHJ2ajZdAqbtKhjpnM3S2lHIxKDmA7dkWaXvjvFVGMyRIznCJbyzcmZFibMZER4SYj4yjkPEItS2ZIt7f2ql19HEWVbGKQ+0wC1TLlXbsHKPtoFG2HKpdOTnYTXFHoY7SrVNatAKQwhQagIBdNkYMhAYzrLtbI+ESeJiJ3FO6C7+/LBGCT3/AJQxFpAs7kiDtchCLnSHEwqgS+FQES1ERAKhWlRpHKRD92t5Qw1vdyGiXBEnv/KGHiIk9/5QxFETP3a3lDBKSa3dreUMKYZKETJ7/wAoYk5en2HkxGyxPfd8v/DN64sLZMifYRytXkbltGLhBRG58S/2cHkSv3NSO2pYLRJvh4Rjx7mZ55AHAw/KjpRuRSJJRPe44ub3D3p3AV9UhVydh2cR6iCPbzn+BEycnsn44AdXMTgQWGcsT4NEXuI2ZMSN2xFk8bXN20vMI/VESckGmtD0WevpcclxdgqTE99eA90Q5roAPjhhSPQaGbnC275M+SLXYCckDmJvqmufhc3IA8nPEgcIEAN9X8L6gjqJGZsAOn78/m9URD++mkc6Zz+b1RPOAiDf9bPBOJITsya3LJFxbuRtFOA7XTQU1szEMoUpswzAaGHPn+O2W9mUhcbrVjpXZs6Oiyty0aGK3LvaZgcl1Sm2GpUK04+UdlKts+Zz62UtbS1bXxSNk3F0RIUTmABUANogFa8XiqAjYd0GzUq3O7d2OO0OtojYyC7pVU1RNdX1zjxBq8RcgAoZcvPyzrJa6ETipPnvk1vdF/htZz80fcnK24tv796IeZS5s7VQOuS/g8EnFxDmHHSgc3HtAKTW6Bf6dbOF/mj43C5DNQ2bOP8AesRE1UOm23u5fOYiRTnKJgLeMBaiACAjStaVCtNoRH7UN0f8YHMlN6Tw3J0bit4xCZi4C6cMPvXhKNRyyCKdbmcHncyTaSkixFGLwXKypzAQhajkAiO0M689MgGOZq6InO5a+QIthkx0lFVTAJ1rpUz8WqUAoIAUoAADe46jDLKaOX8/akuEJpNTFbpF7opqDQAzEeXj44yTNo9a5ysvYV9pxzrO0TNUlDnKJBMOkENsHOlDBtps2BsjKmh9Pa2clyZ7iiK5y6+zfKUGu0M8hDnrnxarblA7Oy81SOS5fM1XuXgMN0FyF1roiAGqQagAiHPGSyNm/cPcZowOdrLjmXUdELQLoUGgiOQ3aDSmecJKl2bSYrCUTZBioRacTUld9VTutGpwqGqnXWGpaZiI8dQiKkD6ZO7dSOYz1ys5vr6Inq3SJ3zFCoF2ANDgAjTjzrB07YvFLZTxygtcwTXk9mwdYRrQRrxd4YiZa3w3MjdqYx02zxO6dxtKN4omAecB4h2c2cLsYVkHJ2wmR7gxg84wo7tEno1opqj3DxYP+IaFBAm/xwdSGzDDYBGlkGniLmZp4KD9zLdYDYrcpRP8sBCniiLQl066CtXnTdOr6ztJAwYbe7Q7gqQ03rbQa9+J5Ed8iPReop2WluIsQnVBsb4nxB2Qtspor073Ppr02rzOTTp8/mqLZFdTSDIkUUAwnTEExw7gGAqRaXi+MIh1Zy5mUuIdxayelOioiRwk4RQLo99QpTVolqmKHoGgxrbCcMOml0fSSXNBbcvEqvzc8U61Uts9PrJMcRzo01xU22lpFMB7h1wKIHpS+AANQARyEMqQiabIkNyGTTV+1BHpsm+BoSLkpUit6VUVcFNQRTHLegHb2Qw6zkc0UlTJz01zq+sZEpgut7uucCjTeuQYLsaqzkqaMscOb6jSUMm18hTCBjFVdbKgA7BDigpnOWadn5UTX1F23Y8ipRiuaLo7ZWWmik2XZ9N89AhEEFeC2vVOZUo9q/kw+MY7Z2cmqkplzvpwneI5MiU2q3oW+IANN654lpbP2HTQ+Pv34G1LweRRxX0hCl08YdLcjJjb4Qza9qjxCXmhbUxgfLWa0scrs137l/glTV0hxdv74KgAWhCgFAw+TsosjMewU14hms2YKWgfX1iXDtmpeCPti9eLnCOZfOG3Qliso5vrrFTvavGYKiOQRhz4Z9oNO+y5tYORiBYP0XHWFr9zhcvNX4hiTScEhePJsfkZ8kGSEMnGGNLJDKriNGTUKfQuONnxTszxGue7Ujtd+imrgqH18tXv5BXv0GA0X5FE5U4uLE0kxDGJtCgpGNTnzp8UDCDfJo9pWJ3ZxypO3bhCcPGBzlQKYjdNHuTUqJiCI0oO0eMYq5ZPNVG0qW6bZ2TTLl64m31aomUy3vlKEaNMnRHEydYd/hIfNUiptT9TbMf0f9lUjt6LEtgmeR1yQqdnpqo5XR6cp9qXLu9t+MB271EahKJuo2la3TfOvZ5iYm9t+NuZXLeuUoB3ou7Y/VJ9/R+gYhWI9TbMflU/7EpHUjjX7+TDOZCdAJoo4ek6bp1vNLu9t+MoDnvUVO00pmKkokZHdo5oshMXKCSyR8EoXDlEwgAlIA7Q/wC8aoT8NmvhE+jCKNakOpFjvzxr9CaDnjW39+4OOfJTrTy9pLbbWWbsyEbIEcolTJ3Qiqny1ExuOuY8YiG0bJ908mdS1MnbpkxsZpduFLwhFUxe+O2K3unl/wDM+xf5dH6ckX7dx/0x2D/OWn9sLGTO/N/j/gD4mv8AYLZO0Q2iYWHWXPfetJfMWTjWqN9NRkACPOJLhvhQbMzrOJ3c19EZqpqmuGyoAAbMA56Drc1Nhoz/AHP8GUbrU4lZD3GJFJg2bJc5FiloHPhoh5Ea6/R0hiuime4odI5Sn4V0RAQAaQqHlA3Y1S4M3fon6GsTro3HZHbpBTkpdXOWlMg9O2IqxCizu0jFyuiTARKKRnCRREDBhnLkIgAiFRyjRFJVpDki0yWO8UJW6S7cRTqAgNxIMgyEQqNTUEQrD6LdFulcQIQiZOCQhaB8UIlA0RQAjImbhjoi6J1mJEgSuOKVNRUyuYBkAXjZBnkUKwRMpcj0vvmiBCEIdsokUhC3QLUohkESJBjsQxErnd6vxwmSGIiplc0bSUGxDrzFIhb56DtRKJRAByDxxRJC6RaJzLoke+R8uoqm3umNduGAwU8Zh8mL6yb6XY2TLLrItkCM2xjKqqXAKJUwAc/F3hiEI/s831GJHloV7w3SNU7iBaiI0E4iAUz21GEpF2UTdBSwrbTkO6cmU8rW+uFE5PbMzu0E1XmmgtkNIoOHjXrtAAtK3c9kKD4F0zTqR1ChlRSNUygKbvTt0t74Z6F+MaRVGYLOJA0wNc+nJ3vE7ARHzRKT5NZwlcaLERXvBdOdO+BaCHFUK/HFOdymcNGRCdFd7I7T4DcS3TGWLnkflGAojL63la3Rddwp1g6CZS98DKCPzg+OBjtEW8pYkXWJ+EoGvkNlXFKOQ8lYp6MunCk2XIpNSYmAnrnbibaKlMr/ADDBZLMTLRk0eiSNwhgMX2FxgYDB2fKEQlloTcNk7SPtf+JtvpF4AbrE6X5Vrk6+j9IEBoSKcJuTuU5q2vnKRI3sDKhRMIdn74fNDydn5xoyCPRhG4iYDF9gdyNQ7ZzRTQVk8zVR6ZHWuTD0ZDsvfKwyzWJ0Ak2v2SHpCAiSadpuTuejDbEOUhTewMqFEwh2z3wxFItJx0Jl3VJtcvI3fYHB2Uzv5woKy7tFurb7X7Qh85aOGLrqTJjqHJ2nU8UQraTTtNydbow2xDlIU3sDKhbwh2z3wwUjIpxoyCPRhHDRpd9gcmQV3yAcGGpl3lSmHMlz9rwELp/hKxKy2ZLKSSXOL99RbBKb4RQqPf44pLZC0LdtcUnbY/ZFvy69dD9ZAwqTiUJINE5w2uIlIYt+WdzUoV3zPZBZNP8AUxrgrfyaEE4Om9UJqHuU896vHzQGlPHLhjLlr5yYxUzGuZbUxN4u9GerLP3870teZMzuiJEKVUjBQo0G+A8FUM6COfPzRwwPMtBY4c1IQhEiYZNCVG7qgAB17PLjhOPSuPaDbRoKDjEmyn9D848BWkm+iWXsqfBRPfwUNfsROgNFA98WmXfissBnaky3iatr5y8M8uMYNWohkKvPFlc7nFpXbKXN3NqZQo3bXDIkUlJwGpSiUtaOAqNBGDljXyKlNJpssLlfHevj3CE1keDzFUirtDdTbM/0f9kVgl3Zm1stA517Ty1bGMTgygaZAag5rd+IBaUWhb9B26c+Z3EVcJPqVwbqCoAI79nkAhxbax09H7eOjHkLG1/GT7+j9AxDsR9hWZ/Kp/2JSGW7C0mnPurzO/vd7qRwshpljZQyjZ+0KabVFO0LO4xMGH1I5EsMK793Jh8cb4tv4/bMUyZR/DZr4RPoixSrVfimxf581+hPE6aT2kTVXP0ws761L3UjkAChTfuQIq1qWE0YdLJH81bOWqMyQSIQjHBHIhwARNiDxByQU29vX7ZWNclZ3VP9KNh/y6P05Iuf3Qb1GWbqNjn7u/gNDN11LhajcI7Aw0DjGgDGa7rs3au7WSt9JniKwy5PWVbmvXVAMAhdMGQiAhXbFQczhGZudJmTl4sodUhllTb4ooF4Lw1MbMbtaVHiAMowZXDe+Rrx20yw2gtORxaBpPJazOids+dOSnObXWId2qqBTBsKN05ijmO2PQTZwi7bIOUD30FigqmfuiGCoD8QhHnZGe2STsvMpdoEyPMVjKYLs5SmukxRUSAdfLIC3rocu2LNYfdOlshs21lc5bTJZdtUqZm5SGJh1qUBvHAagA02bACFQnCLNOPxNfWgQ4xQXe7RZ4hDgSXTUL5R7Wl6cSLNI5yjO5ag+adbWLe19peIQGnGAgIeKAnNGiElImCDBaYxHkGC0RhDGkCSxcqxUzrkWeYPW9KUFUE+YpRyKHeCLA2Yot0riZCEh8ox2WEss5uEhQ5CiEAzngZUYcOMNRvYkp26JLJlM5BhSa/peOQ2qphjQBz1qhGcksHbZx2Cx/6zKPmvxvJCR0ZAikJmC4WYQG57bn2lz+0y1+fHXSDbzuHn7TD+8jfEwWT62c/w8/TBaSx+2I3/AAMvNCXNoHYjz833PbeKe7P2mH95E+23J7bKJX8Z5+0f+uNqRetk+uanhl+vZFiYTxthXNJR8oIz5Mk/gdBJHl59uc28bqfxz9ph/eQB0g25T1LjnU/2mWniC/Hr47dg4TvqLE8qK6+RYJq/hKPlBEhmfyRwXweZQsRbn+eftMP7yHC2Otz/ADz9ph/eRvc4BsmyUO0WJj5XbhgNxhxd6Kqsot7cfzeqGbwKMzTspbbu3n7TD7cdGspbP+c/tEv24vx9J7WdY/gf9oRE3PbFlieHq/VEsMpjGxFrXCvbv9/D7cTZtzO1qba+mdbwNN/64u0rTeN1b+mE8r/CJx5aN5o2FjX/AN+KMmSc74HqqMOc2Otm3V3s7n9ogX/ngU9nLc+6X/7X/wAyNNmSzxTEPpJ/N6obfLrMLNsVkME651RKY6pb3KMbMHnxIROjMj2btz7pf/tf/Mhk1mLbe3PPe9VeDxZb53/ji7Hnsy7hn+pH1xZJWod3Z/TlyI4+EsbUTuhqjll4o2fT2i6UjIula23ul5+1f8yORsvbn3S//av+ZFyUtE/TTv3Gf6kfXB9jJw8narsj4jbUSExcJO7nUA4xHlgJvYCsakZz0sW8U1COXh/61r/zwytYa20w3l+stgcI2lPBUIXnugJh80a9OEfvbmREzkR3rrp6lAusGYiACPmipuGpOhEt6pM+vrXj3ld81UtmpUac/LEUnJEeFRMpnMucyibLy5RbGwbmvdEAMAgAgIAPxeKLRLbOyd3Zti+E7zSlnKbZYmIFC1WKQ1NXLVGoZ8YQxuhtyIWkxk1kT4xSFMQlalomQQrUA25iFK+KIuWnxGy7bScG+5QVKQ+w2tdMOQCNQqUe9XkCLXDF0W6VWMkjtuusus/vkcrpaigbCKGIXsNtACIM8kYN7ZdC1zuTsVusnIYCnzDVqIlpwgEuyDpVL74p9UyF3xW6XWrksoFQ1KZ0rny8UD25bnaOWK2krLL3lLpz0qW4JRClA5RrBOq6JRW7TNGzOZOmKDZyioibhquAPeDaA0AhaVCg8cXzcbnGGqvKFD7319HzAYPQPjGK9bRHEYyqdXzudLKCSh1aVTGlQLq098HwYgZJMjyydtHyfaTXjEJ2QbDB8QjC2XF7WeoUxh9IYi5a4I4bJnTPfIcoGKfugGDyDAmwkCDDwDAiQwQAwosehRxCiiEUZaHCxkCW6O/xfxOj/vY/YiYlO6OdxMmLReT3NJXTQvkdVu3zAStLme2NryKRn3mmEhwgRwQIeIELmEEIkiRRQgNsETjNA6kZplEJNEPYyngjAjROD52K2GvhkJcIkPDNdFTMCiBOWhjFrWm2GWPW/wCU7InCujyQlvksIJf7uOTt8SDkU/eQ8ZA/cRKJZWpwhhslPF6QipujxerSB1IX8XzgigOxiyD0vPvXwhj5Mj7608I/ohiVdb+EMETVudRNpgcPF+oYfXAfwOoQ5dguXSTe9/WiTLI0e7P5UJdAWV5wG9ngS0e92WluJ7bq/EMWB/JzppHwz34AttLXjiy8qRYtlnKhLhjESLeGmHSufPDdL7yN8FG65iYevc7isXOR/wAEv6Bz6Yph7PzvFv8AQpyTb2sPXF0kjRy3svoy6JyL4TnUOXPMcvSEdJ0LRnkw3tsvqb5du69doiAcvPErud/jeY/kD/OD1QM9kc1USTImwc9dC9q8QZ/VEpYmVv2EymR3zNZEh0BKU5y3QNrAMK1SV8Ew2S87welua49/DwtbCMBT0vBsEQEIqLoZb0JlW8v+vrYe/J14KVbw3M+LzxcJoJ+luZHQRxlMLVIdPEA2sGV2g170VZyd50Nl3U1Hr614nQ4psPJKg0u6tc8+OnNEwx/thZJclW3Q0GynRE6CLnSm+AvrqFElATJWgAUB4I8vEMUxmcmnNDqdbxSXrhqZVDj4o1103Wdzd83XZk0VVDDMfRQKJqoAA692o55bcqUjGUyHw8FTUOSqRuUohl4hgcsdrsSXuTuJeRVO+c9/EVu78QpKY5xCoXdtBg6f6HM5kxbaS2wzpOy38QtCiIEuiOfKHmgSzCh3DZosozSORYyipji0KOYrKV1qZd7iiaeoI9NEnJgo8F12IXdhKQUEW+iqyIyMzsdNZM7WIiuTf2+KoBc9tAEffB8uKUkQ+FfuH8kYtMkX6GWkaOFyE0RyqoU14oUuCqdPj5BKA+KArbMTyy1LtHtC2/p9420PENQ8UKZXwaZuRznS5Bohz7+0Nh/AHMvxZl+DGikGPO+59NuhFpEDqH3hzvCnwuCPlU8QjHoJseANWOW5B6J4JIMAEGC0xgGMCawobrCiqIeayBvifgj9UGS0Pvgkf6QbfTEgIB3xPwR+qDZWP3wSP9INfpiRfyYz0InBBIHTgtuEOkNJBgniKxbWBCJpxX5cSJ1A8ZmUUQ8yZ6ShjouTqNsdXUp2wajlXOmdPEPEEE2YIipiaIRzgZfhBi6vMFAz8YxXZxIn7ud6W0wToXdUh3BQzrkIgIgHxxb7NBhtrihCEdduwqCBqZAYDFyHVuhy5cgBGdye/oa0tnZYkESQQYhIHIMd34MUQVtUydL7s/gfOLGTvPAjV7Zj97br4H0hYy5UIJKy0CtH7ZolcUOtwvaRiZl8yYOFU8NZbH7EmCYL3j4onrA2QZzN7jTYmMmTWK3vUDvmpt70WKd2NlrCbaZLUdGvl60Tgd8oDsHm2QL1UL2FuwKVoHcd3EqaXH7uHpeQiaUHmPAiysOm50+HFNtOo8Yb8m8eYHY78ahQABGgcXFGmr3FIgXspJM07iDkhFCG9rvXRoIcvPFfUcFwMh5GQIz2ZOJudtpjzRCJEVvkMobMwl5+QR+KBZw/tCo5Q6BOX6zQ5d8PeMIl1hAaCA5ZB5ots1s6tKHJ1nb9sS+qBi6oANQLdyqHJXZyjFcYB0MTITT76ZNU1xMdleIKZbfSMaFnzbE4KwnCCBkX01UckJpj/USDtxtufPzD5Iw2L6ZabgqP3nviaQbz5wKu1O4c6QhNTkdEumLqqAThVzJsMFKhQeUeWHzJk0lA+mHcr3bpr6YlvbM7wjmPNQNuUTdKXMgfb0XeVu9AlD53cxtGaKL3L3CugJqV56RFy63kyfsSOELMLHIct4pyLKG84JUrBhP4L2g/Rjn6MYu/3PbUim5fLTqN0jDePrGKFeLmjr6SaxY7aOV6lknD2GXTbdDWYOU0X0hOiuct4pDuBAaVpWgphxxj1oHZHlpJi7QRwSO1MfCvVuiPCzoHHUdnHGu/dMpkT3R2JCEIXqUTVLs68pGNzEnW1vfXTePZ6IVqc7yh6WPgpy7LTYy055YyTlyiN9Ai94p72ZQOOerTOg1HxxMPZo2UtJKlr57hNJvb2bjAlMqV4oocnHqux/LkL8oIv7kfvolX/wBn0EhWN8Gwq8zIi7skgcL+Oi5X7WbgHVNXOlO588d2sXJO7Lyp8S+eYtt6W3s1KbBETUu7QAaV7OLXZdsR3Zc7ZfrayjhM3jVOFYgbD74rOLOvuA5KfU9+GoenPsH4EBNFIoZyHT6584PqGN/sFOei9m2rlQ+/kLhKeGXIR8e3xx56VbnaOV2y5N/RVFI3fAafVF83JJxok2Ulyh9RyW8X8oX1lr5IQsLFLazciHgpE8RyJ4MTGJRqD6woGvwoGizzmXrhPBH6oIkon6ZJV+kGv0ycPy2zk+maqeAwOin7a43sPlZj4gjQbLbnKLN8g+mrw7ldFUiiaSWomU5RASiPGaggHJ3otJmJKzREwiRakgdIkHohFzY4kW0S7YYh0IlUIQUQDlH2Mp4IwfKUMNtf7v0cUPpMiOE98ckIQ9exEw0iTQYNvd3yR9ULouwcAhGGC3rMiDbGIsdbZ2OUR9+IUQ9rvxA7+B84sZwiTfb8X+2qxE7PuvgfOCMoPaqWtL59dZRGuolQ41LtCgDUBrls9AwE3KvEZCjZLJK6I2udsPwoJnNppVvaK79G+et25U2wKjUQAQDLljLdzS2bl/LlFZ6jgrkOF3VBEDAPJiCFYq01dou7SEcp8A+llNs1RKmACFQy2gOYZZgIZRiwYN+R7h2VU6N2aOEXCRFkFiHTPwTkNeA0CTietpRgaWc+/GEpbhb2yla584RWLGz1n0IYytO+d2igN4hKdiIANQAahwg2hnFxk82Zt8fHIsS/cu+xzKcteCA04odN7DMlZBWttOzs7LTu3axLhDHL1ymuCZlALx5iABl74Ibm7F44ckdyk618mqodI2eWwfNGG7ub5w/YiioQ9wk0WMlq9rBFMoVpsGtdvFSNldznR5bfQW0a/ql3u9nStMwGmQ+YeQYc8blBUSE9rI19J3KjZdxMkXJ7iA3Tn5Kl2xUUEyKMk9S5cp2Q8QhEnMbRTVw2Oio8vpnLd4KYZUpTZECExPvmIQiN814qSVBAvHkI5xo0ynBNMvJJMeSaEw4GKh7OThGmpO49HrjhGYoqOftxGnZUWi3Io/etaP8ARTn6M0Xn7n25/wCF8rvrXOF2Qc0U5E2JZK0f6Kc/Rmi3bgLtBDcrlQKnIB89Xj2BHTw84Tj+ptLlmV/dNf6SGNw9/qUT6ZSMwAjZSSTgi5DnXwCGanvUw1CnKYREOMBIBy98wRp/3SqpF90KWnR4HQovN248ZC87XCZmrT+WKP4AUFzp3HCfXCGBUvfAQEIu55ywUtBLnOkkIgTGve9vAWlYoiIdcJ3Bv8Qi6WMX0h7IydmjpSRviIIeYfNAY3RoRKWWn0taSlNFd4Qh8dY1w3OqcQ8wxAz2Ytm9rUJvLViLJ3iKqXPIOHjL86L3YYnUBP8ALufpjwxuiyvS7NqLJk3xmYFfgbDeYa/Bg2+Aq4M4tyDN5aM7uVHxk1UgxrpRC6cMuPmAPPEG2WcsHKDlO+RREwGL3wGoeKL2sTo9uZqE/j0rN46EDL/hjTvljPCDiQp9gP7npaQPyP5ag7Q62sUDF8fFEyQYyfcem2I2dStQ/Wd9T8A3C+I2fwo1JIYhrg7Vhd+FDVYUXQY8kgROCUFCYsMoNVnCu9kOsp5ojJraeQyRQ7d2/I5fE/ijCihy0pwjcEg57BGvNBTYgtiZyd3BpAjMJVbd5N3y6LRFFg1IkBi4VTqZ90oId/YAd8Yv9nkzpy1PEv4hzCbXrU2zPOEssnEIk0YjUIkkQhDKGWIexk/Bg4kCMA9jE8EIMIEVZCBt5OVmCdnGiB/w59dU8AtAp8ZwHxQcSIe3EtWdzKz7lPrDFc5lNa7dAQA1efMgB44miE4EUyjEGCFs7YpzU5LTERYkmC7bC6GInugmegBeyHZSGz7lU9cXNInzY9wt0t6UJHulDIACp9lOKLfuPB1Jnn6be/SBGhkJDQklRh8v3JJ2wTORCfMyX6f6kS4sw7LmhBuQztNVQ6doWxL/AArsoSADeK/G63Ot/vxDDhSQKCMhaWKts3TIRC2ZCYJRKXqQiN0BoIgACbINUNnIEGI2f3Qk7+Hbkmv/ALGQ9fPGpmCOLkC0n2UYZONyu0k3TOSZWnItfVFU3UwpNcwAAjqnDiAIlk7CWvUIdJW2pShlfIaSJHDLZUL1BjXTEgUeuKahz7OB44YSkZGvueWp/wDeTc/9QIeuBOkC0/Z2hbH9/wBBEAH0xsZz/wAifzeuBzD/ACJ/N64NTZWxGQLbntpFEv4Qk8PoUj9qBy7nFoU9c8+If+rEw/542Yx/5FbzeuODKfyJ/N640Q8uxbSMbkqcyljm2kmmTzSU0bPrLl3kpAKJijyV4ufji97iTZwvucSo6CJzk7q8HIHKMVabqfftbzUufewf5oxYNxBwqTc9lxU3CxCa2qUwAHFG/T2uInnPXmliTmn38FD+6DTWJbqWlXJcP0M//U3JFFk4df8AF9cXjd8Mc9tWJjqnWDofwjGr20YpckDr/i+uMWf3M6nprT00Gvt8lcm6eHO1Pf8ApCnriWsMcje1CGIchE7p+Ga6FaU44Bn5PZJz9wqBvEOQ+mGiARNy1WX6wRUmJc1RuCIAag96ELs2mpWHdNk5AmQ7lsQ+O44agB244htGJK0jtmpZuakTctjnOzWKUhFiiPWx2BWK9ZGyrB/KcZdZzfx1y6igFChVTlDi5Ag+e2OlrSSTJymd5iItlFS31ApUCiIVC7EtDVe0r+5ioinLZqRdZEl9cNQ5gC8FB5YzudMiS2dvWiChFEEVBwzlNeAxBzDPvCFeesXzc8kDObspid2dbeVwKXCMBeIRzqAwJuh2cRkLZq7YkOdA6oprYuttCpRqFKbDeaI2LrxKxZibdCbQNHwH1CGuqfkxyN8W3xBHpNmOIlHl04YnYE+BG67kk26J2bTROff2ZsA3LQOCPk0DvgMSw8MuaLvchQ9SFEs0FFtanaG0W8nmR2cu1vYjWqZDbKXhDMwbchqGcA2c3JXPDdrERaHLdMc94t4KgOqUBAR2Byd+NebNGzTrCN9T20/1BxQUa+p1zXgWIoi5DZ+VSRL2C2vn9tOUK55jQAyDv7eUYmSxwAQ4SBZYa2iSQCAWSeJH1/NkWG8oa7vsj8Sff5+aEsoNYJ4bZPwQgwoRUGz5b3SeJBJ8f248BZB20zvRG1xMmMutqppXrt7MLwiNMgANo97jEIY6LH9wE/Wf4Rysujvh+2H4R+M3fGBzvSRZRU9xPfJJPD/7ee+koxpBAjONw/8Ag/PP0489JY0sAhrDXR9p1v8AfiGO7sKnA/fiGHgCKLOLsclCH6R8KTeogIwYkC031TxfXB5iQEqmdRyphrHJs4BS8/KAxZDgwQOcIdOgf3St5Kf2YYOif3St5Kf2YiCOTQ2rHwyJ/dK3kp/ZhlRM/ulbyU/sxogwTK52b79rd/8Axg/zRjJpUJOhqGIQh9UOGUB9MarOg+/q3evf+9g3J3I8mUZJLR6moeCEPhlcHwZcsIy9wcdud+5QIhcJcKJeDdDMS8gc0FrtVpI2xr5FlFjAXjoXIR8cDS1bDepniWtUOJLUD/yv1DCsk987YcIKMPEqjoh3+IQ/btXU71IAR9kMt84Zy3fH/wB4m5X+MmP5dP5wQBMWnQydzJj2tFcbvgDmECyzU9yzfLHNKe2LfSmH0CET9qA+9ac/mi30ZoySyVo5lJNKYsSEOQ6uk3DpiccwABpQdmQRMzK107dy103XbEIgsgdJT2IoGQgIDmI5ZQLQ2M+A3ccDqbOfzknzRiftdKiTeSO2nbFi6vhhmXzgEZ1YqfTKUJPkZaiQ6ayoGNvJj50ENobImHdq58p/Eyf7ub1xfyRPijLkO4Pwyapr22LpuXTjoRaxAih94fbwbw9pB+OpfhxWZi3eKPV3C6OCdyYVTEu3AqIiI0ARgI+M3G/wO5MXaUeIQihKuPJ61rCivWTtC3mtnWL1Vciaqqe+EA2QHARA3nAYUDZsL+QI7hy5H0hMSLFnEfXK7Zg2xnZ/BJwrw8gBxjAc4nDaUJ3OvOj8En1jyBFGfPlnbnGdnvqeYocgBxBC2UTr+euXiu9nOiTsSENd+MQ2jApXB+7iKIeHyjC2USJHZ+7j6V+fuzxFa6kOFIeKogU+drd2fyoBVerd2fyoeOgdSONBOp2EQgfuFuEU7NzEi6yJDnmrk1w6gFGg3M6DxbY04jtt7pR/WB64xazTSZSFsu2YuT4B1zq65SjmYajtCLCR9aH3Yf8AVp/Zgmwl0aXpTbU9ko8L2wOQeeCSuG3ulH9YEZui6tIp/HPkp/Zg9unadT+Pk8lP7MVZRfMdH25H9YEdAsjh9eR8oIp5JdapT/WSPkl+xDnQq1v/AKkj8n7EVZdotB10fbkf1gQKZdHEU35Hi7YEVpaXWtT/ANZI+Sn9iI5wnadPrj8nkp/Zi7KLgq6be6Uf1gQMo7be6Uf1geuKMpMZw0VT094fX4NwqfFt7GPjh88cJ/hJ/gavojDn9Rx4ZbGnZvwaCeaO9PguZ3Tb3Sj+sD1wGtMmHuxt+sD1xnrgp+2QCqSBh6qpdI1f0qu2czkcS1tuHKeugezhylVJwDCCeYAbYIhyRkLAfYSHghGsmTJ2wkVme2cRUTvy242P3F3U8QcUdTDqYTVnOz6GcH48lURHfYIfujqMU0VOwNe8wx96EvO1nJ5P+MNOJa87Ycnk/wCMPvcYuY+I1Lfxkx/Lp/OCJHdOa6JalB32t4kJTeGQfVSAWLJy3fILX+AYDcHkGvLE1ugPuidl0zrkuPmK4Klu7DEHI1OQa3cuaBbIuiHsLMuhttpUqB7hFjaIp4KmRfl3R8UbVa0fvSnn5iv9GaPNyhz4eoe4fhFN3I8Qx6Emb/ovuZvpomT8JlSyvgiKRrweIah4oj6LxvsrG4cPU2c/nJPmjF+eBFB3CiYkonH5yT5oxpC6J+4PAPsdj6Ml3XZVpckTdpk39oa98A1AHz3R7wDGVpD2cejJ2zI7bLt1yXyLFFI3eEKD6Y86uGqzB86Yr9fbKCU3r73+EME5VzZ91+7P5Qwo4vQooA9N7nR1Oi6xF1VFlHKYmUMY14xjANaiI81fjiwWjtIDRRRowKGOTIx7uqn3gHaPm78KFGDRycsfJ09dFRycFJUVMdU5lFDnUPrGMfMxu+MIoQoUaTEPkh4sKFAsiHSBBaYQoUCWElCOykhQoEh22T65BRAhQooITd+ir+D31PAy9NI5NPlEFT7xwS3jXlKZcewBhQon+Cg5paVdRIiiaAimYoGKJFuIeYShBXTKPbwXR8OhvQIwoUQqh48yOpEcs6PiwoUEQrVqjCKTe8YS1VyOG0phDIfT8cAS58fFVRP19OgH5BrsEPFChR571OK+oz0npv8AEg92Qiid+IhaFCjBiOgBLHjlgTSFFyH7g13vjshQo6MJOhM4ogXSOG5ueP8AwhkwEUShQo7OhyS3qPwcTX4o7XP5GcIkcv2pF2K7fuyGL46ZeeFCjqTRxkZggfevkxINHxk5Yo3x1cO6OreG7Qebv1+OFCgUCh2UOjt0lLixyXzdiYS+iJEz9f3St+sN64UKKGw6B1nTlTU0lb9Yb1xGKMlFFL5zCc/vjXh+MYUKIWM9DVO6HyoUKFFFbUf/2Q==', '123456', 'Chủ trọ', 'u_19'),
(20, 'thiện', 'tvt@gmail.com', '1234567', '', '13/04/2026', '11111', NULL, '$2y$10$RDvVtNzHu7FzGO3Ly4AmYuLbV5V/kFWxh1WIeqGfI3NS.XBKnArfm', 'Người thuê', 'u_69cf792f99bf76.27290920'),
(21, 'thiện', 'tvt1234@gmail.com', '1234567', '1234', '04/05/2026', '11111', NULL, '$2y$10$TeMOTlml6GJI4xZsVjezP.ZsyP4aRg05W6TZCgGIWgLrSP39gxtGy', 'Người thuê', 'u_69cf794008d6a8.69225588');

--
-- Indexes for dumped tables
--

--
-- Indexes for table `bookings`
--
ALTER TABLE `bookings`
  ADD PRIMARY KEY (`id`);

--
-- Indexes for table `contracts`
--
ALTER TABLE `contracts`
  ADD PRIMARY KEY (`id`);

--
-- Indexes for table `invoices`
--
ALTER TABLE `invoices`
  ADD PRIMARY KEY (`id`),
  ADD UNIQUE KEY `uq_contract_month` (`contract_id`,`month`);

--
-- Indexes for table `landlord_notices`
--
ALTER TABLE `landlord_notices`
  ADD PRIMARY KEY (`id`),
  ADD KEY `idx_landlord` (`landlord_id`),
  ADD KEY `idx_post` (`post_id`);

--
-- Indexes for table `messages`
--
ALTER TABLE `messages`
  ADD PRIMARY KEY (`id`),
  ADD KEY `idx_chat_id` (`chat_id`),
  ADD KEY `idx_created_at` (`created_at`);

--
-- Indexes for table `notifications`
--
ALTER TABLE `notifications`
  ADD PRIMARY KEY (`id`);

--
-- Indexes for table `otp_codes`
--
ALTER TABLE `otp_codes`
  ADD PRIMARY KEY (`id`);

--
-- Indexes for table `posts`
--
ALTER TABLE `posts`
  ADD PRIMARY KEY (`id`);

--
-- Indexes for table `room_members`
--
ALTER TABLE `room_members`
  ADD PRIMARY KEY (`id`);

--
-- Indexes for table `users`
--
ALTER TABLE `users`
  ADD PRIMARY KEY (`id`),
  ADD UNIQUE KEY `email` (`email`),
  ADD UNIQUE KEY `uid` (`uid`);

--
-- AUTO_INCREMENT for dumped tables
--

--
-- AUTO_INCREMENT for table `bookings`
--
ALTER TABLE `bookings`
  MODIFY `id` int(11) NOT NULL AUTO_INCREMENT, AUTO_INCREMENT=35;

--
-- AUTO_INCREMENT for table `contracts`
--
ALTER TABLE `contracts`
  MODIFY `id` int(11) NOT NULL AUTO_INCREMENT, AUTO_INCREMENT=24;

--
-- AUTO_INCREMENT for table `invoices`
--
ALTER TABLE `invoices`
  MODIFY `id` int(11) NOT NULL AUTO_INCREMENT, AUTO_INCREMENT=10;

--
-- AUTO_INCREMENT for table `landlord_notices`
--
ALTER TABLE `landlord_notices`
  MODIFY `id` int(11) NOT NULL AUTO_INCREMENT, AUTO_INCREMENT=4;

--
-- AUTO_INCREMENT for table `messages`
--
ALTER TABLE `messages`
  MODIFY `id` int(11) NOT NULL AUTO_INCREMENT, AUTO_INCREMENT=28;

--
-- AUTO_INCREMENT for table `notifications`
--
ALTER TABLE `notifications`
  MODIFY `id` int(11) NOT NULL AUTO_INCREMENT, AUTO_INCREMENT=54;

--
-- AUTO_INCREMENT for table `otp_codes`
--
ALTER TABLE `otp_codes`
  MODIFY `id` int(11) NOT NULL AUTO_INCREMENT, AUTO_INCREMENT=37;

--
-- AUTO_INCREMENT for table `posts`
--
ALTER TABLE `posts`
  MODIFY `id` int(11) NOT NULL AUTO_INCREMENT, AUTO_INCREMENT=42;

--
-- AUTO_INCREMENT for table `room_members`
--
ALTER TABLE `room_members`
  MODIFY `id` int(11) NOT NULL AUTO_INCREMENT, AUTO_INCREMENT=6;

--
-- AUTO_INCREMENT for table `users`
--
ALTER TABLE `users`
  MODIFY `id` int(11) NOT NULL AUTO_INCREMENT, AUTO_INCREMENT=22;
COMMIT;

/*!40101 SET CHARACTER_SET_CLIENT=@OLD_CHARACTER_SET_CLIENT */;
/*!40101 SET CHARACTER_SET_RESULTS=@OLD_CHARACTER_SET_RESULTS */;
/*!40101 SET COLLATION_CONNECTION=@OLD_COLLATION_CONNECTION */;
